imageT0,imageT1,label
forestT0_0.jpeg,forestT1_0.jpeg,0
forestT0_1.jpeg,forestT1_1.jpeg,0
forestT0_2.jpeg,forestT1_2.jpeg,0
forestT0_3.jpeg,forestT1_3.jpeg,0
forestT0_4.jpeg,forestT1_4.jpeg,0
forestT0_5.jpeg,forestT1_5.jpeg,0
forestT0_6.jpeg,forestT1_6.jpeg,0
forestT0_7.jpeg,forestT1_7.jpeg,0
forestT0_8.jpeg,forestT1_8.jpeg,0
forestT0_9.jpeg,forestT1_9.jpeg,0
forestT0_10.jpeg,forestT1_10.jpeg,0
forestT0_11.jpeg,forestT1_11.jpeg,0
forestT0_12.jpeg,forestT1_12.jpeg,0
forestT0_13.jpeg,forestT1_13.jpeg,0
forestT0_14.jpeg,forestT1_14.jpeg,0
forestT0_15.jpeg,forestT1_15.jpeg,0
forestT0_16.jpeg,forestT1_16.jpeg,0
forestT0_17.jpeg,forestT1_17.jpeg,0
forestT0_18.jpeg,forestT1_18.jpeg,0
forestT0_19.jpeg,forestT1_19.jpeg,0
forestT0_20.jpeg,forestT1_20.jpeg,0
forestT0_21.jpeg,forestT1_21.jpeg,0
forestT0_22.jpeg,forestT1_22.jpeg,0
forestT0_23.jpeg,forestT1_23.jpeg,0
forestT0_24.jpeg,forestT1_24.jpeg,0
forestT0_25.jpeg,forestT1_25.jpeg,0
forestT0_26.jpeg,forestT1_26.jpeg,0
forestT0_27.jpeg,forestT1_27.jpeg,0
forestT0_28.jpeg,forestT1_28.jpeg,0
forestT0_29.jpeg,forestT1_29.jpeg,0
forestT0_30.jpeg,forestT1_30.jpeg,0
forestT0_31.jpeg,forestT1_31.jpeg,0
forestT0_32.jpeg,forestT1_32.jpeg,0
forestT0_33.jpeg,forestT1_33.jpeg,0
forestT0_34.jpeg,forestT1_34.jpeg,0
forestT0_35.jpeg,forestT1_35.jpeg,0
forestT0_36.jpeg,forestT1_36.jpeg,0
forestT0_37.jpeg,forestT1_37.jpeg,0
forestT0_38.jpeg,forestT1_38.jpeg,0
forestT0_39.jpeg,forestT1_39.jpeg,0
forestT0_40.jpeg,forestT1_40.jpeg,0
forestT0_41.jpeg,forestT1_41.jpeg,0
forestT0_42.jpeg,forestT1_42.jpeg,0
forestT0_43.jpeg,forestT1_43.jpeg,0
forestT0_44.jpeg,forestT1_44.jpeg,0
forestT0_45.jpeg,forestT1_45.jpeg,0
forestT0_46.jpeg,forestT1_46.jpeg,0
forestT0_47.jpeg,forestT1_47.jpeg,0
forestT0_48.jpeg,forestT1_48.jpeg,0
forestT0_49.jpeg,forestT1_49.jpeg,0
forestT0_50.jpeg,forestT1_50.jpeg,0
forestT0_51.jpeg,forestT1_51.jpeg,0
forestT0_52.jpeg,forestT1_52.jpeg,0
forestT0_53.jpeg,forestT1_53.jpeg,0
forestT0_54.jpeg,forestT1_54.jpeg,0
forestT0_55.jpeg,forestT1_55.jpeg,0
forestT0_56.jpeg,forestT1_56.jpeg,0
forestT0_57.jpeg,forestT1_57.jpeg,0
forestT0_58.jpeg,forestT1_58.jpeg,0
forestT0_59.jpeg,forestT1_59.jpeg,0
forestT0_60.jpeg,forestT1_60.jpeg,0
forestT0_61.jpeg,forestT1_61.jpeg,0
forestT0_62.jpeg,forestT1_62.jpeg,0
forestT0_63.jpeg,forestT1_63.jpeg,0
forestT0_64.jpeg,forestT1_64.jpeg,0
forestT0_65.jpeg,forestT1_65.jpeg,0
forestT0_66.jpeg,forestT1_66.jpeg,0
forestT0_67.jpeg,forestT1_67.jpeg,0
forestT0_68.jpeg,forestT1_68.jpeg,0
forestT0_69.jpeg,forestT1_69.jpeg,0
forestT0_70.jpeg,forestT1_70.jpeg,0
forestT0_71.jpeg,forestT1_71.jpeg,0
forestT0_72.jpeg,forestT1_72.jpeg,0
forestT0_73.jpeg,forestT1_73.jpeg,0
forestT0_74.jpeg,forestT1_74.jpeg,0
forestT0_75.jpeg,forestT1_75.jpeg,0
forestT0_76.jpeg,forestT1_76.jpeg,0
forestT0_77.jpeg,forestT1_77.jpeg,0
forestT0_78.jpeg,forestT1_78.jpeg,0
forestT0_79.jpeg,forestT1_79.jpeg,0
forestT0_80.jpeg,forestT1_80.jpeg,0
forestT0_81.jpeg,forestT1_81.jpeg,0
forestT0_82.jpeg,forestT1_82.jpeg,0
forestT0_83.jpeg,forestT1_83.jpeg,0
forestT0_84.jpeg,forestT1_84.jpeg,0
forestT0_85.jpeg,forestT1_85.jpeg,0
forestT0_86.jpeg,forestT1_86.jpeg,0
forestT0_87.jpeg,forestT1_87.jpeg,0
forestT0_88.jpeg,forestT1_88.jpeg,0
forestT0_89.jpeg,forestT1_89.jpeg,0
forestT0_90.jpeg,forestT1_90.jpeg,0
forestT0_91.jpeg,forestT1_91.jpeg,0
forestT0_92.jpeg,forestT1_92.jpeg,0
forestT0_93.jpeg,forestT1_93.jpeg,0
forestT0_94.jpeg,forestT1_94.jpeg,0
forestT0_95.jpeg,forestT1_95.jpeg,0
forestT0_96.jpeg,forestT1_96.jpeg,0
forestT0_97.jpeg,forestT1_97.jpeg,0
forestT0_98.jpeg,forestT1_98.jpeg,0
forestT0_99.jpeg,forestT1_99.jpeg,0
forestT0_100.jpeg,forestT1_100.jpeg,0
forestT0_101.jpeg,forestT1_101.jpeg,0
forestT0_102.jpeg,forestT1_102.jpeg,0
forestT0_103.jpeg,forestT1_103.jpeg,0
forestT0_104.jpeg,forestT1_104.jpeg,0
forestT0_105.jpeg,forestT1_105.jpeg,0
forestT0_106.jpeg,forestT1_106.jpeg,0
forestT0_107.jpeg,forestT1_107.jpeg,0
forestT0_108.jpeg,forestT1_108.jpeg,0
forestT0_109.jpeg,forestT1_109.jpeg,0
forestT0_110.jpeg,forestT1_110.jpeg,0
forestT0_111.jpeg,forestT1_111.jpeg,0
forestT0_112.jpeg,forestT1_112.jpeg,0
forestT0_113.jpeg,forestT1_113.jpeg,0
forestT0_114.jpeg,forestT1_114.jpeg,0
forestT0_115.jpeg,forestT1_115.jpeg,0
forestT0_116.jpeg,forestT1_116.jpeg,0
forestT0_117.jpeg,forestT1_117.jpeg,0
forestT0_118.jpeg,forestT1_118.jpeg,0
forestT0_119.jpeg,forestT1_119.jpeg,0
forestT0_120.jpeg,forestT1_120.jpeg,0
forestT0_121.jpeg,forestT1_121.jpeg,0
forestT0_122.jpeg,forestT1_122.jpeg,0
forestT0_123.jpeg,forestT1_123.jpeg,0
forestT0_124.jpeg,forestT1_124.jpeg,0
forestT0_125.jpeg,forestT1_125.jpeg,0
forestT0_126.jpeg,forestT1_126.jpeg,0
forestT0_127.jpeg,forestT1_127.jpeg,0
forestT0_128.jpeg,forestT1_128.jpeg,0
forestT0_129.jpeg,forestT1_129.jpeg,0
forestT0_130.jpeg,forestT1_130.jpeg,0
forestT0_131.jpeg,forestT1_131.jpeg,0
forestT0_132.jpeg,forestT1_132.jpeg,0
forestT0_133.jpeg,forestT1_133.jpeg,0
forestT0_134.jpeg,forestT1_134.jpeg,0
forestT0_135.jpeg,forestT1_135.jpeg,0
forestT0_136.jpeg,forestT1_136.jpeg,0
forestT0_137.jpeg,forestT1_137.jpeg,0
forestT0_138.jpeg,forestT1_138.jpeg,0
forestT0_139.jpeg,forestT1_139.jpeg,0
forestT0_140.jpeg,forestT1_140.jpeg,0
forestT0_141.jpeg,forestT1_141.jpeg,0
forestT0_142.jpeg,forestT1_142.jpeg,0
forestT0_143.jpeg,forestT1_143.jpeg,0
forestT0_144.jpeg,forestT1_144.jpeg,0
forestT0_145.jpeg,forestT1_145.jpeg,0
forestT0_146.jpeg,forestT1_146.jpeg,0
forestT0_147.jpeg,forestT1_147.jpeg,0
forestT0_148.jpeg,forestT1_148.jpeg,0
forestT0_149.jpeg,forestT1_149.jpeg,0
forestT0_150.jpeg,forestT1_150.jpeg,0
forestT0_151.jpeg,forestT1_151.jpeg,0
forestT0_152.jpeg,forestT1_152.jpeg,0
forestT0_153.jpeg,forestT1_153.jpeg,0
forestT0_154.jpeg,forestT1_154.jpeg,0
forestT0_155.jpeg,forestT1_155.jpeg,0
forestT0_156.jpeg,forestT1_156.jpeg,0
forestT0_157.jpeg,forestT1_157.jpeg,0
forestT0_158.jpeg,forestT1_158.jpeg,0
forestT0_159.jpeg,forestT1_159.jpeg,0
forestT0_160.jpeg,forestT1_160.jpeg,0
forestT0_161.jpeg,forestT1_161.jpeg,0
forestT0_162.jpeg,forestT1_162.jpeg,0
forestT0_163.jpeg,forestT1_163.jpeg,0
forestT0_164.jpeg,forestT1_164.jpeg,0
forestT0_165.jpeg,forestT1_165.jpeg,0
forestT0_166.jpeg,forestT1_166.jpeg,0
forestT0_167.jpeg,forestT1_167.jpeg,0
forestT0_168.jpeg,forestT1_168.jpeg,0
forestT0_169.jpeg,forestT1_169.jpeg,0
forestT0_170.jpeg,forestT1_170.jpeg,0
forestT0_171.jpeg,forestT1_171.jpeg,0
forestT0_172.jpeg,forestT1_172.jpeg,0
forestT0_173.jpeg,forestT1_173.jpeg,0
forestT0_174.jpeg,forestT1_174.jpeg,0
forestT0_175.jpeg,forestT1_175.jpeg,0
forestT0_176.jpeg,forestT1_176.jpeg,0
forestT0_177.jpeg,forestT1_177.jpeg,0
forestT0_178.jpeg,forestT1_178.jpeg,0
forestT0_179.jpeg,forestT1_179.jpeg,0
forestT0_180.jpeg,forestT1_180.jpeg,0
forestT0_181.jpeg,forestT1_181.jpeg,0
forestT0_182.jpeg,forestT1_182.jpeg,0
forestT0_183.jpeg,forestT1_183.jpeg,0
forestT0_184.jpeg,forestT1_184.jpeg,0
forestT0_185.jpeg,forestT1_185.jpeg,0
forestT0_186.jpeg,forestT1_186.jpeg,0
forestT0_187.jpeg,forestT1_187.jpeg,0
forestT0_188.jpeg,forestT1_188.jpeg,0
forestT0_189.jpeg,forestT1_189.jpeg,0
forestT0_190.jpeg,forestT1_190.jpeg,0
forestT0_191.jpeg,forestT1_191.jpeg,0
forestT0_192.jpeg,forestT1_192.jpeg,0
forestT0_193.jpeg,forestT1_193.jpeg,0
forestT0_194.jpeg,forestT1_194.jpeg,0
forestT0_195.jpeg,forestT1_195.jpeg,0
forestT0_196.jpeg,forestT1_196.jpeg,0
forestT0_197.jpeg,forestT1_197.jpeg,0
forestT0_198.jpeg,forestT1_198.jpeg,0
forestT0_199.jpeg,forestT1_199.jpeg,0
forestT0_200.jpeg,forestT1_200.jpeg,0
forestT0_201.jpeg,forestT1_201.jpeg,0
forestT0_202.jpeg,forestT1_202.jpeg,0
forestT0_203.jpeg,forestT1_203.jpeg,0
forestT0_204.jpeg,forestT1_204.jpeg,0
forestT0_205.jpeg,forestT1_205.jpeg,0
forestT0_206.jpeg,forestT1_206.jpeg,0
forestT0_207.jpeg,forestT1_207.jpeg,0
forestT0_208.jpeg,forestT1_208.jpeg,0
forestT0_209.jpeg,forestT1_209.jpeg,0
forestT0_210.jpeg,forestT1_210.jpeg,0
forestT0_211.jpeg,forestT1_211.jpeg,0
forestT0_212.jpeg,forestT1_212.jpeg,0
forestT0_213.jpeg,forestT1_213.jpeg,0
forestT0_214.jpeg,forestT1_214.jpeg,0
forestT0_215.jpeg,forestT1_215.jpeg,0
forestT0_216.jpeg,forestT1_216.jpeg,0
forestT0_217.jpeg,forestT1_217.jpeg,0
forestT0_218.jpeg,forestT1_218.jpeg,0
forestT0_219.jpeg,forestT1_219.jpeg,0
forestT0_220.jpeg,forestT1_220.jpeg,0
forestT0_221.jpeg,forestT1_221.jpeg,0
forestT0_222.jpeg,forestT1_222.jpeg,0
forestT0_223.jpeg,forestT1_223.jpeg,0
forestT0_224.jpeg,forestT1_224.jpeg,0
forestT0_225.jpeg,forestT1_225.jpeg,0
forestT0_226.jpeg,forestT1_226.jpeg,0
forestT0_227.jpeg,forestT1_227.jpeg,0
forestT0_228.jpeg,forestT1_228.jpeg,0
forestT0_229.jpeg,forestT1_229.jpeg,0
forestT0_230.jpeg,forestT1_230.jpeg,0
forestT0_231.jpeg,forestT1_231.jpeg,0
forestT0_232.jpeg,forestT1_232.jpeg,0
forestT0_233.jpeg,forestT1_233.jpeg,0
forestT0_234.jpeg,forestT1_234.jpeg,0
forestT0_235.jpeg,forestT1_235.jpeg,0
forestT0_236.jpeg,forestT1_236.jpeg,0
forestT0_237.jpeg,forestT1_237.jpeg,0
forestT0_238.jpeg,forestT1_238.jpeg,0
forestT0_239.jpeg,forestT1_239.jpeg,0
forestT0_240.jpeg,forestT1_240.jpeg,0
forestT0_241.jpeg,forestT1_241.jpeg,0
forestT0_242.jpeg,forestT1_242.jpeg,0
forestT0_243.jpeg,forestT1_243.jpeg,0
forestT0_244.jpeg,forestT1_244.jpeg,0
forestT0_245.jpeg,forestT1_245.jpeg,0
forestT0_246.jpeg,forestT1_246.jpeg,0
forestT0_247.jpeg,forestT1_247.jpeg,0
forestT0_248.jpeg,forestT1_248.jpeg,0
forestT0_249.jpeg,forestT1_249.jpeg,0
forestT0_250.jpeg,forestT1_250.jpeg,0
forestT0_251.jpeg,forestT1_251.jpeg,0
forestT0_252.jpeg,forestT1_252.jpeg,0
forestT0_253.jpeg,forestT1_253.jpeg,0
forestT0_254.jpeg,forestT1_254.jpeg,0
forestT0_255.jpeg,forestT1_255.jpeg,0
forestT0_256.jpeg,forestT1_256.jpeg,0
forestT0_257.jpeg,forestT1_257.jpeg,0
forestT0_258.jpeg,forestT1_258.jpeg,0
forestT0_259.jpeg,forestT1_259.jpeg,0
forestT0_260.jpeg,forestT1_260.jpeg,0
forestT0_261.jpeg,forestT1_261.jpeg,0
forestT0_262.jpeg,forestT1_262.jpeg,0
forestT0_263.jpeg,forestT1_263.jpeg,0
forestT0_264.jpeg,forestT1_264.jpeg,0
forestT0_265.jpeg,forestT1_265.jpeg,0
forestT0_266.jpeg,forestT1_266.jpeg,0
forestT0_267.jpeg,forestT1_267.jpeg,0
forestT0_268.jpeg,forestT1_268.jpeg,0
forestT0_269.jpeg,forestT1_269.jpeg,0
forestT0_270.jpeg,forestT1_270.jpeg,0
forestT0_271.jpeg,forestT1_271.jpeg,0
forestT0_272.jpeg,forestT1_272.jpeg,0
forestT0_273.jpeg,forestT1_273.jpeg,0
forestT0_274.jpeg,forestT1_274.jpeg,0
forestT0_275.jpeg,forestT1_275.jpeg,0
forestT0_276.jpeg,forestT1_276.jpeg,0
forestT0_277.jpeg,forestT1_277.jpeg,0
forestT0_278.jpeg,forestT1_278.jpeg,0
forestT0_279.jpeg,forestT1_279.jpeg,0
forestT0_280.jpeg,forestT1_280.jpeg,0
forestT0_281.jpeg,forestT1_281.jpeg,0
forestT0_282.jpeg,forestT1_282.jpeg,0
forestT0_283.jpeg,forestT1_283.jpeg,0
forestT0_284.jpeg,forestT1_284.jpeg,0
forestT0_285.jpeg,forestT1_285.jpeg,0
forestT0_286.jpeg,forestT1_286.jpeg,0
forestT0_287.jpeg,forestT1_287.jpeg,0
forestT0_288.jpeg,forestT1_288.jpeg,0
forestT0_289.jpeg,forestT1_289.jpeg,0
forestT0_290.jpeg,forestT1_290.jpeg,0
forestT0_291.jpeg,forestT1_291.jpeg,0
forestT0_292.jpeg,forestT1_292.jpeg,0
forestT0_293.jpeg,forestT1_293.jpeg,0
forestT0_294.jpeg,forestT1_294.jpeg,0
forestT0_295.jpeg,forestT1_295.jpeg,0
forestT0_296.jpeg,forestT1_296.jpeg,0
forestT0_297.jpeg,forestT1_297.jpeg,0
forestT0_298.jpeg,forestT1_298.jpeg,0
forestT0_299.jpeg,forestT1_299.jpeg,0
forestT0_300.jpeg,forestT1_300.jpeg,0
forestT0_301.jpeg,forestT1_301.jpeg,0
forestT0_302.jpeg,forestT1_302.jpeg,0
forestT0_303.jpeg,forestT1_303.jpeg,0
forestT0_304.jpeg,forestT1_304.jpeg,0
forestT0_305.jpeg,forestT1_305.jpeg,0
forestT0_306.jpeg,forestT1_306.jpeg,0
forestT0_307.jpeg,forestT1_307.jpeg,0
forestT0_308.jpeg,forestT1_308.jpeg,0
forestT0_309.jpeg,forestT1_309.jpeg,0
forestT0_310.jpeg,forestT1_310.jpeg,0
forestT0_311.jpeg,forestT1_311.jpeg,0
forestT0_312.jpeg,forestT1_312.jpeg,0
forestT0_313.jpeg,forestT1_313.jpeg,0
forestT0_314.jpeg,forestT1_314.jpeg,0
forestT0_315.jpeg,forestT1_315.jpeg,0
forestT0_316.jpeg,forestT1_316.jpeg,0
forestT0_317.jpeg,forestT1_317.jpeg,0
forestT0_318.jpeg,forestT1_318.jpeg,0
forestT0_319.jpeg,forestT1_319.jpeg,0
forestT0_320.jpeg,forestT1_320.jpeg,0
forestT0_321.jpeg,forestT1_321.jpeg,0
forestT0_322.jpeg,forestT1_322.jpeg,0
forestT0_323.jpeg,forestT1_323.jpeg,0
forestT0_324.jpeg,forestT1_324.jpeg,0
forestT0_325.jpeg,forestT1_325.jpeg,0
forestT0_326.jpeg,forestT1_326.jpeg,0
forestT0_327.jpeg,forestT1_327.jpeg,0
forestT0_328.jpeg,forestT1_328.jpeg,0
forestT0_329.jpeg,forestT1_329.jpeg,0
forestT0_330.jpeg,forestT1_330.jpeg,0
forestT0_331.jpeg,forestT1_331.jpeg,0
forestT0_332.jpeg,forestT1_332.jpeg,0
forestT0_333.jpeg,forestT1_333.jpeg,0
forestT0_334.jpeg,forestT1_334.jpeg,0
forestT0_335.jpeg,forestT1_335.jpeg,0
forestT0_336.jpeg,forestT1_336.jpeg,0
forestT0_337.jpeg,forestT1_337.jpeg,0
forestT0_338.jpeg,forestT1_338.jpeg,0
forestT0_339.jpeg,forestT1_339.jpeg,0
forestT0_340.jpeg,forestT1_340.jpeg,0
forestT0_341.jpeg,forestT1_341.jpeg,0
forestT0_342.jpeg,forestT1_342.jpeg,0
forestT0_343.jpeg,forestT1_343.jpeg,0
forestT0_344.jpeg,forestT1_344.jpeg,0
forestT0_345.jpeg,forestT1_345.jpeg,0
forestT0_346.jpeg,forestT1_346.jpeg,0
forestT0_347.jpeg,forestT1_347.jpeg,0
forestT0_348.jpeg,forestT1_348.jpeg,0
forestT0_349.jpeg,forestT1_349.jpeg,0
forestT0_350.jpeg,forestT1_350.jpeg,0
forestT0_351.jpeg,forestT1_351.jpeg,0
forestT0_352.jpeg,forestT1_352.jpeg,0
forestT0_353.jpeg,forestT1_353.jpeg,0
forestT0_354.jpeg,forestT1_354.jpeg,0
forestT0_355.jpeg,forestT1_355.jpeg,0
forestT0_356.jpeg,forestT1_356.jpeg,0
forestT0_357.jpeg,forestT1_357.jpeg,0
forestT0_358.jpeg,forestT1_358.jpeg,0
forestT0_359.jpeg,forestT1_359.jpeg,0
forestT0_360.jpeg,forestT1_360.jpeg,0
forestT0_361.jpeg,forestT1_361.jpeg,0
forestT0_362.jpeg,forestT1_362.jpeg,0
forestT0_363.jpeg,forestT1_363.jpeg,0
forestT0_364.jpeg,forestT1_364.jpeg,0
forestT0_365.jpeg,forestT1_365.jpeg,0
forestT0_366.jpeg,forestT1_366.jpeg,0
forestT0_367.jpeg,forestT1_367.jpeg,0
forestT0_368.jpeg,forestT1_368.jpeg,0
forestT0_369.jpeg,forestT1_369.jpeg,0
forestT0_370.jpeg,forestT1_370.jpeg,0
forestT0_371.jpeg,forestT1_371.jpeg,0
forestT0_372.jpeg,forestT1_372.jpeg,0
forestT0_373.jpeg,forestT1_373.jpeg,0
forestT0_374.jpeg,forestT1_374.jpeg,0
forestT0_375.jpeg,forestT1_375.jpeg,0
forestT0_376.jpeg,forestT1_376.jpeg,0
forestT0_377.jpeg,forestT1_377.jpeg,0
forestT0_378.jpeg,forestT1_378.jpeg,0
forestT0_379.jpeg,forestT1_379.jpeg,0
forestT0_380.jpeg,forestT1_380.jpeg,0
forestT0_381.jpeg,forestT1_381.jpeg,0
forestT0_382.jpeg,forestT1_382.jpeg,0
forestT0_383.jpeg,forestT1_383.jpeg,0
forestT0_384.jpeg,forestT1_384.jpeg,0
forestT0_385.jpeg,forestT1_385.jpeg,0
forestT0_386.jpeg,forestT1_386.jpeg,0
forestT0_387.jpeg,forestT1_387.jpeg,0
forestT0_388.jpeg,forestT1_388.jpeg,0
forestT0_389.jpeg,forestT1_389.jpeg,0
forestT0_390.jpeg,forestT1_390.jpeg,0
forestT0_391.jpeg,forestT1_391.jpeg,0
forestT0_392.jpeg,forestT1_392.jpeg,0
forestT0_393.jpeg,forestT1_393.jpeg,0
forestT0_394.jpeg,forestT1_394.jpeg,0
forestT0_395.jpeg,forestT1_395.jpeg,0
forestT0_396.jpeg,forestT1_396.jpeg,0
forestT0_397.jpeg,forestT1_397.jpeg,0
forestT0_398.jpeg,forestT1_398.jpeg,0
forestT0_399.jpeg,forestT1_399.jpeg,0
forestT0_400.jpeg,forestT1_400.jpeg,0
forestT0_401.jpeg,forestT1_401.jpeg,0
forestT0_402.jpeg,forestT1_402.jpeg,0
forestT0_403.jpeg,forestT1_403.jpeg,0
forestT0_404.jpeg,forestT1_404.jpeg,0
forestT0_405.jpeg,forestT1_405.jpeg,0
forestT0_406.jpeg,forestT1_406.jpeg,0
forestT0_407.jpeg,forestT1_407.jpeg,0
forestT0_408.jpeg,forestT1_408.jpeg,0
forestT0_409.jpeg,forestT1_409.jpeg,0
forestT0_410.jpeg,forestT1_410.jpeg,0
forestT0_411.jpeg,forestT1_411.jpeg,0
forestT0_412.jpeg,forestT1_412.jpeg,0
forestT0_413.jpeg,forestT1_413.jpeg,0
forestT0_414.jpeg,forestT1_414.jpeg,0
forestT0_415.jpeg,forestT1_415.jpeg,0
forestT0_416.jpeg,forestT1_416.jpeg,0
forestT0_417.jpeg,forestT1_417.jpeg,0
forestT0_418.jpeg,forestT1_418.jpeg,0
forestT0_419.jpeg,forestT1_419.jpeg,0
forestT0_420.jpeg,forestT1_420.jpeg,0
forestT0_421.jpeg,forestT1_421.jpeg,0
forestT0_422.jpeg,forestT1_422.jpeg,0
forestT0_423.jpeg,forestT1_423.jpeg,0
forestT0_424.jpeg,forestT1_424.jpeg,0
forestT0_425.jpeg,forestT1_425.jpeg,0
forestT0_426.jpeg,forestT1_426.jpeg,0
forestT0_427.jpeg,forestT1_427.jpeg,0
forestT0_428.jpeg,forestT1_428.jpeg,0
forestT0_429.jpeg,forestT1_429.jpeg,0
forestT0_430.jpeg,forestT1_430.jpeg,0
forestT0_431.jpeg,forestT1_431.jpeg,0
forestT0_432.jpeg,forestT1_432.jpeg,0
forestT0_433.jpeg,forestT1_433.jpeg,0
forestT0_434.jpeg,forestT1_434.jpeg,0
forestT0_435.jpeg,forestT1_435.jpeg,0
forestT0_436.jpeg,forestT1_436.jpeg,0
forestT0_437.jpeg,forestT1_437.jpeg,0
forestT0_438.jpeg,forestT1_438.jpeg,0
forestT0_439.jpeg,forestT1_439.jpeg,0
forestT0_440.jpeg,forestT1_440.jpeg,0
forestT0_441.jpeg,forestT1_441.jpeg,0
forestT0_442.jpeg,forestT1_442.jpeg,0
forestT0_443.jpeg,forestT1_443.jpeg,0
forestT0_444.jpeg,forestT1_444.jpeg,0
forestT0_445.jpeg,forestT1_445.jpeg,0
forestT0_446.jpeg,forestT1_446.jpeg,0
forestT0_447.jpeg,forestT1_447.jpeg,0
forestT0_448.jpeg,forestT1_448.jpeg,0
forestT0_449.jpeg,forestT1_449.jpeg,0
forestT0_450.jpeg,forestT1_450.jpeg,0
forestT0_451.jpeg,forestT1_451.jpeg,0
forestT0_452.jpeg,forestT1_452.jpeg,0
forestT0_453.jpeg,forestT1_453.jpeg,0
forestT0_454.jpeg,forestT1_454.jpeg,0
forestT0_455.jpeg,forestT1_455.jpeg,0
forestT0_456.jpeg,forestT1_456.jpeg,0
forestT0_457.jpeg,forestT1_457.jpeg,0
forestT0_458.jpeg,forestT1_458.jpeg,0
forestT0_459.jpeg,forestT1_459.jpeg,0
forestT0_460.jpeg,forestT1_460.jpeg,0
forestT0_461.jpeg,forestT1_461.jpeg,0
forestT0_462.jpeg,forestT1_462.jpeg,0
forestT0_463.jpeg,forestT1_463.jpeg,0
forestT0_464.jpeg,forestT1_464.jpeg,0
forestT0_465.jpeg,forestT1_465.jpeg,0
forestT0_466.jpeg,forestT1_466.jpeg,0
forestT0_467.jpeg,forestT1_467.jpeg,0
forestT0_468.jpeg,forestT1_468.jpeg,0
forestT0_469.jpeg,forestT1_469.jpeg,0
forestT0_470.jpeg,forestT1_470.jpeg,0
forestT0_471.jpeg,forestT1_471.jpeg,0
forestT0_472.jpeg,forestT1_472.jpeg,0
forestT0_473.jpeg,forestT1_473.jpeg,0
forestT0_474.jpeg,forestT1_474.jpeg,0
forestT0_475.jpeg,forestT1_475.jpeg,0
forestT0_476.jpeg,forestT1_476.jpeg,0
forestT0_477.jpeg,forestT1_477.jpeg,0
forestT0_478.jpeg,forestT1_478.jpeg,0
forestT0_479.jpeg,forestT1_479.jpeg,0
forestT0_480.jpeg,forestT1_480.jpeg,0
forestT0_481.jpeg,forestT1_481.jpeg,0
forestT0_482.jpeg,forestT1_482.jpeg,0
forestT0_483.jpeg,forestT1_483.jpeg,0
forestT0_484.jpeg,forestT1_484.jpeg,0
forestT0_485.jpeg,forestT1_485.jpeg,0
forestT0_486.jpeg,forestT1_486.jpeg,0
forestT0_487.jpeg,forestT1_487.jpeg,0
forestT0_488.jpeg,forestT1_488.jpeg,0
forestT0_489.jpeg,forestT1_489.jpeg,0
forestT0_490.jpeg,forestT1_490.jpeg,0
forestT0_491.jpeg,forestT1_491.jpeg,0
forestT0_492.jpeg,forestT1_492.jpeg,0
forestT0_493.jpeg,forestT1_493.jpeg,0
forestT0_494.jpeg,forestT1_494.jpeg,0
forestT0_495.jpeg,forestT1_495.jpeg,0
forestT0_496.jpeg,forestT1_496.jpeg,0
forestT0_497.jpeg,forestT1_497.jpeg,0
forestT0_498.jpeg,forestT1_498.jpeg,0
forestT0_499.jpeg,forestT1_499.jpeg,0
forestT0_500.jpeg,forestT1_500.jpeg,0
forestT0_501.jpeg,forestT1_501.jpeg,0
forestT0_502.jpeg,forestT1_502.jpeg,0
forestT0_503.jpeg,forestT1_503.jpeg,0
forestT0_504.jpeg,forestT1_504.jpeg,0
forestT0_505.jpeg,forestT1_505.jpeg,0
forestT0_506.jpeg,forestT1_506.jpeg,0
forestT0_507.jpeg,forestT1_507.jpeg,0
forestT0_508.jpeg,forestT1_508.jpeg,0
forestT0_509.jpeg,forestT1_509.jpeg,0
forestT0_510.jpeg,forestT1_510.jpeg,0
forestT0_511.jpeg,forestT1_511.jpeg,0
forestT0_512.jpeg,forestT1_512.jpeg,0
forestT0_513.jpeg,forestT1_513.jpeg,0
forestT0_514.jpeg,forestT1_514.jpeg,0
forestT0_515.jpeg,forestT1_515.jpeg,0
forestT0_516.jpeg,forestT1_516.jpeg,0
forestT0_517.jpeg,forestT1_517.jpeg,0
forestT0_518.jpeg,forestT1_518.jpeg,0
forestT0_519.jpeg,forestT1_519.jpeg,0
forestT0_520.jpeg,forestT1_520.jpeg,0
forestT0_521.jpeg,forestT1_521.jpeg,0
forestT0_522.jpeg,forestT1_522.jpeg,0
forestT0_523.jpeg,forestT1_523.jpeg,0
forestT0_524.jpeg,forestT1_524.jpeg,0
forestT0_525.jpeg,forestT1_525.jpeg,0
forestT0_526.jpeg,forestT1_526.jpeg,0
forestT0_527.jpeg,forestT1_527.jpeg,0
forestT0_528.jpeg,forestT1_528.jpeg,0
forestT0_529.jpeg,forestT1_529.jpeg,0
forestT0_530.jpeg,forestT1_530.jpeg,0
forestT0_531.jpeg,forestT1_531.jpeg,0
forestT0_532.jpeg,forestT1_532.jpeg,0
forestT0_533.jpeg,forestT1_533.jpeg,0
forestT0_534.jpeg,forestT1_534.jpeg,0
forestT0_535.jpeg,forestT1_535.jpeg,0
forestT0_536.jpeg,forestT1_536.jpeg,0
forestT0_537.jpeg,forestT1_537.jpeg,0
forestT0_538.jpeg,forestT1_538.jpeg,0
forestT0_539.jpeg,forestT1_539.jpeg,0
forestT0_540.jpeg,forestT1_540.jpeg,0
forestT0_541.jpeg,forestT1_541.jpeg,0
forestT0_542.jpeg,forestT1_542.jpeg,0
forestT0_543.jpeg,forestT1_543.jpeg,0
forestT0_544.jpeg,forestT1_544.jpeg,0
forestT0_545.jpeg,forestT1_545.jpeg,0
forestT0_546.jpeg,forestT1_546.jpeg,0
forestT0_547.jpeg,forestT1_547.jpeg,0
forestT0_548.jpeg,forestT1_548.jpeg,0
forestT0_549.jpeg,forestT1_549.jpeg,0
forestT0_550.jpeg,forestT1_550.jpeg,0
forestT0_551.jpeg,forestT1_551.jpeg,0
forestT0_552.jpeg,forestT1_552.jpeg,0
forestT0_553.jpeg,forestT1_553.jpeg,0
forestT0_554.jpeg,forestT1_554.jpeg,0
forestT0_555.jpeg,forestT1_555.jpeg,0
forestT0_556.jpeg,forestT1_556.jpeg,0
forestT0_557.jpeg,forestT1_557.jpeg,0
forestT0_558.jpeg,forestT1_558.jpeg,0
forestT0_559.jpeg,forestT1_559.jpeg,0
forestT0_560.jpeg,forestT1_560.jpeg,0
forestT0_561.jpeg,forestT1_561.jpeg,0
forestT0_562.jpeg,forestT1_562.jpeg,0
forestT0_563.jpeg,forestT1_563.jpeg,0
forestT0_564.jpeg,forestT1_564.jpeg,0
forestT0_565.jpeg,forestT1_565.jpeg,0
forestT0_566.jpeg,forestT1_566.jpeg,0
forestT0_567.jpeg,forestT1_567.jpeg,0
forestT0_568.jpeg,forestT1_568.jpeg,0
forestT0_569.jpeg,forestT1_569.jpeg,0
forestT0_570.jpeg,forestT1_570.jpeg,0
forestT0_571.jpeg,forestT1_571.jpeg,0
forestT0_572.jpeg,forestT1_572.jpeg,0
forestT0_573.jpeg,forestT1_573.jpeg,0
forestT0_574.jpeg,forestT1_574.jpeg,0
forestT0_575.jpeg,forestT1_575.jpeg,0
forestT0_576.jpeg,forestT1_576.jpeg,0
forestT0_577.jpeg,forestT1_577.jpeg,0
forestT0_578.jpeg,forestT1_578.jpeg,0
forestT0_579.jpeg,forestT1_579.jpeg,0
forestT0_580.jpeg,forestT1_580.jpeg,0
forestT0_581.jpeg,forestT1_581.jpeg,0
forestT0_582.jpeg,forestT1_582.jpeg,0
forestT0_583.jpeg,forestT1_583.jpeg,0
forestT0_584.jpeg,forestT1_584.jpeg,0
forestT0_585.jpeg,forestT1_585.jpeg,0
forestT0_586.jpeg,forestT1_586.jpeg,0
forestT0_587.jpeg,forestT1_587.jpeg,0
forestT0_588.jpeg,forestT1_588.jpeg,0
forestT0_589.jpeg,forestT1_589.jpeg,0
forestT0_590.jpeg,forestT1_590.jpeg,0
forestT0_591.jpeg,forestT1_591.jpeg,0
forestT0_592.jpeg,forestT1_592.jpeg,0
forestT0_593.jpeg,forestT1_593.jpeg,0
forestT0_594.jpeg,forestT1_594.jpeg,0
forestT0_595.jpeg,forestT1_595.jpeg,0
forestT0_596.jpeg,forestT1_596.jpeg,0
forestT0_597.jpeg,forestT1_597.jpeg,0
forestT0_598.jpeg,forestT1_598.jpeg,0
forestT0_599.jpeg,forestT1_599.jpeg,0
forestT0_600.jpeg,forestT1_600.jpeg,0
forestT0_601.jpeg,forestT1_601.jpeg,0
forestT0_602.jpeg,forestT1_602.jpeg,0
forestT0_603.jpeg,forestT1_603.jpeg,0
forestT0_604.jpeg,forestT1_604.jpeg,0
forestT0_605.jpeg,forestT1_605.jpeg,0
forestT0_606.jpeg,forestT1_606.jpeg,0
forestT0_607.jpeg,forestT1_607.jpeg,0
forestT0_608.jpeg,forestT1_608.jpeg,0
forestT0_609.jpeg,forestT1_609.jpeg,0
forestT0_610.jpeg,forestT1_610.jpeg,0
forestT0_611.jpeg,forestT1_611.jpeg,0
forestT0_612.jpeg,forestT1_612.jpeg,0
forestT0_613.jpeg,forestT1_613.jpeg,0
forestT0_614.jpeg,forestT1_614.jpeg,0
forestT0_615.jpeg,forestT1_615.jpeg,0
forestT0_616.jpeg,forestT1_616.jpeg,0
forestT0_617.jpeg,forestT1_617.jpeg,0
forestT0_618.jpeg,forestT1_618.jpeg,0
forestT0_619.jpeg,forestT1_619.jpeg,0
forestT0_620.jpeg,forestT1_620.jpeg,0
forestT0_621.jpeg,forestT1_621.jpeg,0
forestT0_622.jpeg,forestT1_622.jpeg,0
forestT0_623.jpeg,forestT1_623.jpeg,0
forestT0_624.jpeg,forestT1_624.jpeg,0
forestT0_625.jpeg,forestT1_625.jpeg,0
forestT0_626.jpeg,forestT1_626.jpeg,0
forestT0_627.jpeg,forestT1_627.jpeg,0
forestT0_628.jpeg,forestT1_628.jpeg,0
forestT0_629.jpeg,forestT1_629.jpeg,0
forestT0_630.jpeg,forestT1_630.jpeg,0
forestT0_631.jpeg,forestT1_631.jpeg,0
forestT0_632.jpeg,forestT1_632.jpeg,0
forestT0_633.jpeg,forestT1_633.jpeg,0
forestT0_634.jpeg,forestT1_634.jpeg,0
forestT0_635.jpeg,forestT1_635.jpeg,0
forestT0_636.jpeg,forestT1_636.jpeg,0
forestT0_637.jpeg,forestT1_637.jpeg,0
forestT0_638.jpeg,forestT1_638.jpeg,0
forestT0_639.jpeg,forestT1_639.jpeg,0
forestT0_640.jpeg,forestT1_640.jpeg,0
forestT0_641.jpeg,forestT1_641.jpeg,0
forestT0_642.jpeg,forestT1_642.jpeg,0
forestT0_643.jpeg,forestT1_643.jpeg,0
forestT0_644.jpeg,forestT1_644.jpeg,0
forestT0_645.jpeg,forestT1_645.jpeg,0
forestT0_646.jpeg,forestT1_646.jpeg,0
forestT0_647.jpeg,forestT1_647.jpeg,0
forestT0_648.jpeg,forestT1_648.jpeg,0
forestT0_649.jpeg,forestT1_649.jpeg,0
forestT0_650.jpeg,forestT1_650.jpeg,0
forestT0_651.jpeg,forestT1_651.jpeg,0
forestT0_652.jpeg,forestT1_652.jpeg,0
forestT0_653.jpeg,forestT1_653.jpeg,0
forestT0_654.jpeg,forestT1_654.jpeg,0
forestT0_655.jpeg,forestT1_655.jpeg,0
forestT0_656.jpeg,forestT1_656.jpeg,0
forestT0_657.jpeg,forestT1_657.jpeg,0
forestT0_658.jpeg,forestT1_658.jpeg,0
forestT0_659.jpeg,forestT1_659.jpeg,0
forestT0_660.jpeg,forestT1_660.jpeg,0
forestT0_661.jpeg,forestT1_661.jpeg,0
forestT0_662.jpeg,forestT1_662.jpeg,0
forestT0_663.jpeg,forestT1_663.jpeg,0
forestT0_664.jpeg,forestT1_664.jpeg,0
forestT0_665.jpeg,forestT1_665.jpeg,0
forestT0_666.jpeg,forestT1_666.jpeg,0
forestT0_667.jpeg,forestT1_667.jpeg,0
forestT0_668.jpeg,forestT1_668.jpeg,0
forestT0_669.jpeg,forestT1_669.jpeg,0
forestT0_670.jpeg,forestT1_670.jpeg,0
forestT0_671.jpeg,forestT1_671.jpeg,0
forestT0_672.jpeg,forestT1_672.jpeg,0
forestT0_673.jpeg,forestT1_673.jpeg,0
forestT0_674.jpeg,forestT1_674.jpeg,0
forestT0_675.jpeg,forestT1_675.jpeg,0
forestT0_676.jpeg,forestT1_676.jpeg,0
forestT0_677.jpeg,forestT1_677.jpeg,0
forestT0_678.jpeg,forestT1_678.jpeg,0
forestT0_679.jpeg,forestT1_679.jpeg,0
forestT0_680.jpeg,forestT1_680.jpeg,0
forestT0_681.jpeg,forestT1_681.jpeg,0
forestT0_682.jpeg,forestT1_682.jpeg,0
forestT0_683.jpeg,forestT1_683.jpeg,0
forestT0_684.jpeg,forestT1_684.jpeg,0
forestT0_685.jpeg,forestT1_685.jpeg,0
forestT0_686.jpeg,forestT1_686.jpeg,0
forestT0_687.jpeg,forestT1_687.jpeg,0
forestT0_688.jpeg,forestT1_688.jpeg,0
forestT0_689.jpeg,forestT1_689.jpeg,0
forestT0_690.jpeg,forestT1_690.jpeg,0
forestT0_691.jpeg,forestT1_691.jpeg,0
forestT0_692.jpeg,forestT1_692.jpeg,0
forestT0_693.jpeg,forestT1_693.jpeg,0
forestT0_694.jpeg,forestT1_694.jpeg,0
forestT0_695.jpeg,forestT1_695.jpeg,0
forestT0_696.jpeg,forestT1_696.jpeg,0
forestT0_697.jpeg,forestT1_697.jpeg,0
forestT0_698.jpeg,forestT1_698.jpeg,0
forestT0_699.jpeg,forestT1_699.jpeg,0
forestT0_700.jpeg,forestT1_700.jpeg,0
forestT0_701.jpeg,forestT1_701.jpeg,0
forestT0_702.jpeg,forestT1_702.jpeg,0
forestT0_703.jpeg,forestT1_703.jpeg,0
forestT0_704.jpeg,forestT1_704.jpeg,0
forestT0_705.jpeg,forestT1_705.jpeg,0
forestT0_706.jpeg,forestT1_706.jpeg,0
forestT0_707.jpeg,forestT1_707.jpeg,0
forestT0_708.jpeg,forestT1_708.jpeg,0
forestT0_709.jpeg,forestT1_709.jpeg,0
forestT0_710.jpeg,forestT1_710.jpeg,0
forestT0_711.jpeg,forestT1_711.jpeg,0
forestT0_712.jpeg,forestT1_712.jpeg,0
forestT0_713.jpeg,forestT1_713.jpeg,0
forestT0_714.jpeg,forestT1_714.jpeg,0
forestT0_715.jpeg,forestT1_715.jpeg,0
forestT0_716.jpeg,forestT1_716.jpeg,0
forestT0_717.jpeg,forestT1_717.jpeg,0
forestT0_718.jpeg,forestT1_718.jpeg,0
forestT0_719.jpeg,forestT1_719.jpeg,0
forestT0_720.jpeg,forestT1_720.jpeg,0
forestT0_721.jpeg,forestT1_721.jpeg,0
forestT0_722.jpeg,forestT1_722.jpeg,0
forestT0_723.jpeg,forestT1_723.jpeg,0
forestT0_724.jpeg,forestT1_724.jpeg,0
forestT0_725.jpeg,forestT1_725.jpeg,0
forestT0_726.jpeg,forestT1_726.jpeg,0
forestT0_727.jpeg,forestT1_727.jpeg,0
forestT0_728.jpeg,forestT1_728.jpeg,0
forestT0_729.jpeg,forestT1_729.jpeg,0
forestT0_730.jpeg,forestT1_730.jpeg,0
forestT0_731.jpeg,forestT1_731.jpeg,0
forestT0_732.jpeg,forestT1_732.jpeg,0
forestT0_733.jpeg,forestT1_733.jpeg,0
forestT0_734.jpeg,forestT1_734.jpeg,0
forestT0_735.jpeg,forestT1_735.jpeg,0
forestT0_736.jpeg,forestT1_736.jpeg,0
forestT0_737.jpeg,forestT1_737.jpeg,0
forestT0_738.jpeg,forestT1_738.jpeg,0
forestT0_739.jpeg,forestT1_739.jpeg,0
forestT0_740.jpeg,forestT1_740.jpeg,0
forestT0_741.jpeg,forestT1_741.jpeg,0
forestT0_742.jpeg,forestT1_742.jpeg,0
forestT0_743.jpeg,forestT1_743.jpeg,0
forestT0_744.jpeg,forestT1_744.jpeg,0
forestT0_745.jpeg,forestT1_745.jpeg,0
forestT0_746.jpeg,forestT1_746.jpeg,0
forestT0_747.jpeg,forestT1_747.jpeg,0
forestT0_748.jpeg,forestT1_748.jpeg,0
forestT0_749.jpeg,forestT1_749.jpeg,0
forestT0_750.jpeg,forestT1_750.jpeg,0
forestT0_751.jpeg,forestT1_751.jpeg,0
forestT0_752.jpeg,forestT1_752.jpeg,0
forestT0_753.jpeg,forestT1_753.jpeg,0
forestT0_754.jpeg,forestT1_754.jpeg,0
forestT0_755.jpeg,forestT1_755.jpeg,0
forestT0_756.jpeg,forestT1_756.jpeg,0
forestT0_757.jpeg,forestT1_757.jpeg,0
forestT0_758.jpeg,forestT1_758.jpeg,0
forestT0_759.jpeg,forestT1_759.jpeg,0
forestT0_760.jpeg,forestT1_760.jpeg,0
forestT0_761.jpeg,forestT1_761.jpeg,0
forestT0_762.jpeg,forestT1_762.jpeg,0
forestT0_763.jpeg,forestT1_763.jpeg,0
forestT0_764.jpeg,forestT1_764.jpeg,0
forestT0_765.jpeg,forestT1_765.jpeg,0
forestT0_766.jpeg,forestT1_766.jpeg,0
forestT0_767.jpeg,forestT1_767.jpeg,0
forestT0_768.jpeg,forestT1_768.jpeg,0
forestT0_769.jpeg,forestT1_769.jpeg,0
forestT0_770.jpeg,forestT1_770.jpeg,0
forestT0_771.jpeg,forestT1_771.jpeg,0
forestT0_772.jpeg,forestT1_772.jpeg,0
forestT0_773.jpeg,forestT1_773.jpeg,0
forestT0_774.jpeg,forestT1_774.jpeg,0
forestT0_775.jpeg,forestT1_775.jpeg,0
forestT0_776.jpeg,forestT1_776.jpeg,0
forestT0_777.jpeg,forestT1_777.jpeg,0
forestT0_778.jpeg,forestT1_778.jpeg,0
forestT0_779.jpeg,forestT1_779.jpeg,0
forestT0_780.jpeg,forestT1_780.jpeg,0
forestT0_781.jpeg,forestT1_781.jpeg,0
forestT0_782.jpeg,forestT1_782.jpeg,0
forestT0_783.jpeg,forestT1_783.jpeg,0
forestT0_784.jpeg,forestT1_784.jpeg,0
forestT0_785.jpeg,forestT1_785.jpeg,0
forestT0_786.jpeg,forestT1_786.jpeg,0
forestT0_787.jpeg,forestT1_787.jpeg,0
forestT0_788.jpeg,forestT1_788.jpeg,0
forestT0_789.jpeg,forestT1_789.jpeg,0
forestT0_790.jpeg,forestT1_790.jpeg,0
forestT0_791.jpeg,forestT1_791.jpeg,0
forestT0_792.jpeg,forestT1_792.jpeg,0
forestT0_793.jpeg,forestT1_793.jpeg,0
forestT0_794.jpeg,forestT1_794.jpeg,0
forestT0_795.jpeg,forestT1_795.jpeg,0
forestT0_796.jpeg,forestT1_796.jpeg,0
forestT0_797.jpeg,forestT1_797.jpeg,0
forestT0_798.jpeg,forestT1_798.jpeg,0
forestT0_799.jpeg,forestT1_799.jpeg,0
forestT0_800.jpeg,forestT1_800.jpeg,0
forestT0_801.jpeg,forestT1_801.jpeg,0
forestT0_802.jpeg,forestT1_802.jpeg,0
forestT0_803.jpeg,forestT1_803.jpeg,0
forestT0_804.jpeg,forestT1_804.jpeg,0
forestT0_805.jpeg,forestT1_805.jpeg,0
forestT0_806.jpeg,forestT1_806.jpeg,0
forestT0_807.jpeg,forestT1_807.jpeg,0
forestT0_808.jpeg,forestT1_808.jpeg,0
forestT0_809.jpeg,forestT1_809.jpeg,0
forestT0_810.jpeg,forestT1_810.jpeg,0
forestT0_811.jpeg,forestT1_811.jpeg,0
forestT0_812.jpeg,forestT1_812.jpeg,0
forestT0_813.jpeg,forestT1_813.jpeg,0
forestT0_814.jpeg,forestT1_814.jpeg,0
forestT0_815.jpeg,forestT1_815.jpeg,0
forestT0_816.jpeg,forestT1_816.jpeg,0
forestT0_817.jpeg,forestT1_817.jpeg,0
forestT0_818.jpeg,forestT1_818.jpeg,0
forestT0_819.jpeg,forestT1_819.jpeg,0
forestT0_820.jpeg,forestT1_820.jpeg,0
forestT0_821.jpeg,forestT1_821.jpeg,0
forestT0_822.jpeg,forestT1_822.jpeg,0
forestT0_823.jpeg,forestT1_823.jpeg,0
forestT0_824.jpeg,forestT1_824.jpeg,0
forestT0_825.jpeg,forestT1_825.jpeg,0
forestT0_826.jpeg,forestT1_826.jpeg,0
forestT0_827.jpeg,forestT1_827.jpeg,0
forestT0_828.jpeg,forestT1_828.jpeg,0
forestT0_829.jpeg,forestT1_829.jpeg,0
forestT0_830.jpeg,forestT1_830.jpeg,0
forestT0_831.jpeg,forestT1_831.jpeg,0
forestT0_832.jpeg,forestT1_832.jpeg,0
forestT0_833.jpeg,forestT1_833.jpeg,0
forestT0_834.jpeg,forestT1_834.jpeg,0
forestT0_835.jpeg,forestT1_835.jpeg,0
forestT0_836.jpeg,forestT1_836.jpeg,0
forestT0_837.jpeg,forestT1_837.jpeg,0
forestT0_838.jpeg,forestT1_838.jpeg,0
forestT0_839.jpeg,forestT1_839.jpeg,0
forestT0_840.jpeg,forestT1_840.jpeg,0
forestT0_841.jpeg,forestT1_841.jpeg,0
forestT0_842.jpeg,forestT1_842.jpeg,0
forestT0_843.jpeg,forestT1_843.jpeg,0
forestT0_844.jpeg,forestT1_844.jpeg,0
forestT0_845.jpeg,forestT1_845.jpeg,0
forestT0_846.jpeg,forestT1_846.jpeg,0
forestT0_847.jpeg,forestT1_847.jpeg,0
forestT0_848.jpeg,forestT1_848.jpeg,0
forestT0_849.jpeg,forestT1_849.jpeg,0
forestT0_850.jpeg,forestT1_850.jpeg,0
forestT0_851.jpeg,forestT1_851.jpeg,0
forestT0_852.jpeg,forestT1_852.jpeg,0
forestT0_853.jpeg,forestT1_853.jpeg,0
forestT0_854.jpeg,forestT1_854.jpeg,0
forestT0_855.jpeg,forestT1_855.jpeg,0
forestT0_856.jpeg,forestT1_856.jpeg,0
forestT0_857.jpeg,forestT1_857.jpeg,0
forestT0_858.jpeg,forestT1_858.jpeg,0
forestT0_859.jpeg,forestT1_859.jpeg,0
forestT0_860.jpeg,forestT1_860.jpeg,0
forestT0_861.jpeg,forestT1_861.jpeg,0
forestT0_862.jpeg,forestT1_862.jpeg,0
forestT0_863.jpeg,forestT1_863.jpeg,0
forestT0_864.jpeg,forestT1_864.jpeg,0
forestT0_865.jpeg,forestT1_865.jpeg,0
forestT0_866.jpeg,forestT1_866.jpeg,0
forestT0_867.jpeg,forestT1_867.jpeg,0
forestT0_868.jpeg,forestT1_868.jpeg,0
forestT0_869.jpeg,forestT1_869.jpeg,0
forestT0_870.jpeg,forestT1_870.jpeg,0
forestT0_871.jpeg,forestT1_871.jpeg,0
forestT0_872.jpeg,forestT1_872.jpeg,0
forestT0_873.jpeg,forestT1_873.jpeg,0
forestT0_874.jpeg,forestT1_874.jpeg,0
forestT0_875.jpeg,forestT1_875.jpeg,0
forestT0_876.jpeg,forestT1_876.jpeg,0
forestT0_877.jpeg,forestT1_877.jpeg,0
forestT0_878.jpeg,forestT1_878.jpeg,0
forestT0_879.jpeg,forestT1_879.jpeg,0
forestT0_880.jpeg,forestT1_880.jpeg,0
forestT0_881.jpeg,forestT1_881.jpeg,0
forestT0_882.jpeg,forestT1_882.jpeg,0
forestT0_883.jpeg,forestT1_883.jpeg,0
forestT0_884.jpeg,forestT1_884.jpeg,0
forestT0_885.jpeg,forestT1_885.jpeg,0
forestT0_886.jpeg,forestT1_886.jpeg,0
forestT0_887.jpeg,forestT1_887.jpeg,0
forestT0_888.jpeg,forestT1_888.jpeg,0
forestT0_889.jpeg,forestT1_889.jpeg,0
forestT0_890.jpeg,forestT1_890.jpeg,0
forestT0_891.jpeg,forestT1_891.jpeg,0
forestT0_892.jpeg,forestT1_892.jpeg,0
forestT0_893.jpeg,forestT1_893.jpeg,0
forestT0_894.jpeg,forestT1_894.jpeg,0
forestT0_895.jpeg,forestT1_895.jpeg,0
forestT0_896.jpeg,forestT1_896.jpeg,0
forestT0_897.jpeg,forestT1_897.jpeg,0
forestT0_898.jpeg,forestT1_898.jpeg,0
forestT0_899.jpeg,forestT1_899.jpeg,0
forestT0_900.jpeg,forestT1_900.jpeg,0
forestT0_901.jpeg,forestT1_901.jpeg,0
forestT0_902.jpeg,forestT1_902.jpeg,0
forestT0_903.jpeg,forestT1_903.jpeg,0
forestT0_904.jpeg,forestT1_904.jpeg,0
forestT0_905.jpeg,forestT1_905.jpeg,0
forestT0_906.jpeg,forestT1_906.jpeg,0
forestT0_907.jpeg,forestT1_907.jpeg,0
forestT0_908.jpeg,forestT1_908.jpeg,0
forestT0_909.jpeg,forestT1_909.jpeg,0
forestT0_910.jpeg,forestT1_910.jpeg,0
forestT0_911.jpeg,forestT1_911.jpeg,0
forestT0_912.jpeg,forestT1_912.jpeg,0
forestT0_913.jpeg,forestT1_913.jpeg,0
forestT0_914.jpeg,forestT1_914.jpeg,0
forestT0_915.jpeg,forestT1_915.jpeg,0
forestT0_916.jpeg,forestT1_916.jpeg,0
forestT0_917.jpeg,forestT1_917.jpeg,0
forestT0_918.jpeg,forestT1_918.jpeg,0
forestT0_919.jpeg,forestT1_919.jpeg,0
forestT0_920.jpeg,forestT1_920.jpeg,0
forestT0_921.jpeg,forestT1_921.jpeg,0
forestT0_922.jpeg,forestT1_922.jpeg,0
forestT0_923.jpeg,forestT1_923.jpeg,0
forestT0_924.jpeg,forestT1_924.jpeg,0
forestT0_925.jpeg,forestT1_925.jpeg,0
forestT0_926.jpeg,forestT1_926.jpeg,0
forestT0_927.jpeg,forestT1_927.jpeg,0
forestT0_928.jpeg,forestT1_928.jpeg,0
forestT0_929.jpeg,forestT1_929.jpeg,0
forestT0_930.jpeg,forestT1_930.jpeg,0
forestT0_931.jpeg,forestT1_931.jpeg,0
forestT0_932.jpeg,forestT1_932.jpeg,0
forestT0_933.jpeg,forestT1_933.jpeg,0
forestT0_934.jpeg,forestT1_934.jpeg,0
forestT0_935.jpeg,forestT1_935.jpeg,0
forestT0_936.jpeg,forestT1_936.jpeg,0
forestT0_937.jpeg,forestT1_937.jpeg,0
forestT0_938.jpeg,forestT1_938.jpeg,0
forestT0_939.jpeg,forestT1_939.jpeg,0
forestT0_940.jpeg,forestT1_940.jpeg,0
forestT0_941.jpeg,forestT1_941.jpeg,0
forestT0_942.jpeg,forestT1_942.jpeg,0
forestT0_943.jpeg,forestT1_943.jpeg,0
forestT0_944.jpeg,forestT1_944.jpeg,0
forestT0_945.jpeg,forestT1_945.jpeg,0
forestT0_946.jpeg,forestT1_946.jpeg,0
forestT0_947.jpeg,forestT1_947.jpeg,0
forestT0_948.jpeg,forestT1_948.jpeg,0
forestT0_949.jpeg,forestT1_949.jpeg,0
forestT0_950.jpeg,forestT1_950.jpeg,0
forestT0_951.jpeg,forestT1_951.jpeg,0
forestT0_952.jpeg,forestT1_952.jpeg,0
forestT0_953.jpeg,forestT1_953.jpeg,0
forestT0_954.jpeg,forestT1_954.jpeg,0
forestT0_955.jpeg,forestT1_955.jpeg,0
forestT0_956.jpeg,forestT1_956.jpeg,0
forestT0_957.jpeg,forestT1_957.jpeg,0
forestT0_958.jpeg,forestT1_958.jpeg,0
forestT0_959.jpeg,forestT1_959.jpeg,0
forestT0_960.jpeg,forestT1_960.jpeg,0
forestT0_961.jpeg,forestT1_961.jpeg,0
forestT0_962.jpeg,forestT1_962.jpeg,0
forestT0_963.jpeg,forestT1_963.jpeg,0
forestT0_964.jpeg,forestT1_964.jpeg,0
forestT0_965.jpeg,forestT1_965.jpeg,0
forestT0_966.jpeg,forestT1_966.jpeg,0
forestT0_967.jpeg,forestT1_967.jpeg,0
forestT0_968.jpeg,forestT1_968.jpeg,0
forestT0_969.jpeg,forestT1_969.jpeg,0
forestT0_970.jpeg,forestT1_970.jpeg,0
forestT0_971.jpeg,forestT1_971.jpeg,0
forestT0_972.jpeg,forestT1_972.jpeg,0
forestT0_973.jpeg,forestT1_973.jpeg,0
forestT0_974.jpeg,forestT1_974.jpeg,0
forestT0_975.jpeg,forestT1_975.jpeg,0
forestT0_976.jpeg,forestT1_976.jpeg,0
forestT0_977.jpeg,forestT1_977.jpeg,0
forestT0_978.jpeg,forestT1_978.jpeg,0
forestT0_979.jpeg,forestT1_979.jpeg,0
forestT0_980.jpeg,forestT1_980.jpeg,0
forestT0_981.jpeg,forestT1_981.jpeg,0
forestT0_982.jpeg,forestT1_982.jpeg,0
forestT0_983.jpeg,forestT1_983.jpeg,0
forestT0_984.jpeg,forestT1_984.jpeg,0
forestT0_985.jpeg,forestT1_985.jpeg,0
forestT0_986.jpeg,forestT1_986.jpeg,0
forestT0_987.jpeg,forestT1_987.jpeg,0
forestT0_988.jpeg,forestT1_988.jpeg,0
forestT0_989.jpeg,forestT1_989.jpeg,0
forestT0_990.jpeg,forestT1_990.jpeg,0
forestT0_991.jpeg,forestT1_991.jpeg,0
forestT0_992.jpeg,forestT1_992.jpeg,0
forestT0_993.jpeg,forestT1_993.jpeg,0
forestT0_994.jpeg,forestT1_994.jpeg,0
forestT0_995.jpeg,forestT1_995.jpeg,0
forestT0_996.jpeg,forestT1_996.jpeg,0
forestT0_997.jpeg,forestT1_997.jpeg,0
forestT0_998.jpeg,forestT1_998.jpeg,0
forestT0_999.jpeg,forestT1_999.jpeg,0
forestT0_1000.jpeg,forestT1_1000.jpeg,1
forestT0_1001.jpeg,forestT1_1001.jpeg,1
forestT0_1002.jpeg,forestT1_1002.jpeg,1
forestT0_1003.jpeg,forestT1_1003.jpeg,1
forestT0_1004.jpeg,forestT1_1004.jpeg,1
forestT0_1005.jpeg,forestT1_1005.jpeg,1
forestT0_1006.jpeg,forestT1_1006.jpeg,1
forestT0_1007.jpeg,forestT1_1007.jpeg,1
forestT0_1008.jpeg,forestT1_1008.jpeg,1
forestT0_1009.jpeg,forestT1_1009.jpeg,1
forestT0_1010.jpeg,forestT1_1010.jpeg,1
forestT0_1011.jpeg,forestT1_1011.jpeg,1
forestT0_1012.jpeg,forestT1_1012.jpeg,1
forestT0_1013.jpeg,forestT1_1013.jpeg,1
forestT0_1014.jpeg,forestT1_1014.jpeg,1
forestT0_1015.jpeg,forestT1_1015.jpeg,1
forestT0_1016.jpeg,forestT1_1016.jpeg,1
forestT0_1017.jpeg,forestT1_1017.jpeg,1
forestT0_1018.jpeg,forestT1_1018.jpeg,1
forestT0_1019.jpeg,forestT1_1019.jpeg,1
forestT0_1020.jpeg,forestT1_1020.jpeg,1
forestT0_1021.jpeg,forestT1_1021.jpeg,1
forestT0_1022.jpeg,forestT1_1022.jpeg,1
forestT0_1023.jpeg,forestT1_1023.jpeg,1
forestT0_1024.jpeg,forestT1_1024.jpeg,1
forestT0_1025.jpeg,forestT1_1025.jpeg,1
forestT0_1026.jpeg,forestT1_1026.jpeg,1
forestT0_1027.jpeg,forestT1_1027.jpeg,1
forestT0_1028.jpeg,forestT1_1028.jpeg,1
forestT0_1029.jpeg,forestT1_1029.jpeg,1
forestT0_1030.jpeg,forestT1_1030.jpeg,1
forestT0_1031.jpeg,forestT1_1031.jpeg,1
forestT0_1032.jpeg,forestT1_1032.jpeg,1
forestT0_1033.jpeg,forestT1_1033.jpeg,1
forestT0_1034.jpeg,forestT1_1034.jpeg,1
forestT0_1035.jpeg,forestT1_1035.jpeg,1
forestT0_1036.jpeg,forestT1_1036.jpeg,1
forestT0_1037.jpeg,forestT1_1037.jpeg,1
forestT0_1038.jpeg,forestT1_1038.jpeg,1
forestT0_1039.jpeg,forestT1_1039.jpeg,1
forestT0_1040.jpeg,forestT1_1040.jpeg,1
forestT0_1041.jpeg,forestT1_1041.jpeg,1
forestT0_1042.jpeg,forestT1_1042.jpeg,1
forestT0_1043.jpeg,forestT1_1043.jpeg,1
forestT0_1044.jpeg,forestT1_1044.jpeg,1
forestT0_1045.jpeg,forestT1_1045.jpeg,1
forestT0_1046.jpeg,forestT1_1046.jpeg,1
forestT0_1047.jpeg,forestT1_1047.jpeg,1
forestT0_1048.jpeg,forestT1_1048.jpeg,1
forestT0_1049.jpeg,forestT1_1049.jpeg,1
forestT0_1050.jpeg,forestT1_1050.jpeg,1
forestT0_1051.jpeg,forestT1_1051.jpeg,1
forestT0_1052.jpeg,forestT1_1052.jpeg,1
forestT0_1053.jpeg,forestT1_1053.jpeg,1
forestT0_1054.jpeg,forestT1_1054.jpeg,1
forestT0_1055.jpeg,forestT1_1055.jpeg,1
forestT0_1056.jpeg,forestT1_1056.jpeg,1
forestT0_1057.jpeg,forestT1_1057.jpeg,1
forestT0_1058.jpeg,forestT1_1058.jpeg,1
forestT0_1059.jpeg,forestT1_1059.jpeg,1
forestT0_1060.jpeg,forestT1_1060.jpeg,1
forestT0_1061.jpeg,forestT1_1061.jpeg,1
forestT0_1062.jpeg,forestT1_1062.jpeg,1
forestT0_1063.jpeg,forestT1_1063.jpeg,1
forestT0_1064.jpeg,forestT1_1064.jpeg,1
forestT0_1065.jpeg,forestT1_1065.jpeg,1
forestT0_1066.jpeg,forestT1_1066.jpeg,1
forestT0_1067.jpeg,forestT1_1067.jpeg,1
forestT0_1068.jpeg,forestT1_1068.jpeg,1
forestT0_1069.jpeg,forestT1_1069.jpeg,1
forestT0_1070.jpeg,forestT1_1070.jpeg,1
forestT0_1071.jpeg,forestT1_1071.jpeg,1
forestT0_1072.jpeg,forestT1_1072.jpeg,1
forestT0_1073.jpeg,forestT1_1073.jpeg,1
forestT0_1074.jpeg,forestT1_1074.jpeg,1
forestT0_1075.jpeg,forestT1_1075.jpeg,1
forestT0_1076.jpeg,forestT1_1076.jpeg,1
forestT0_1077.jpeg,forestT1_1077.jpeg,1
forestT0_1078.jpeg,forestT1_1078.jpeg,1
forestT0_1079.jpeg,forestT1_1079.jpeg,1
forestT0_1080.jpeg,forestT1_1080.jpeg,1
forestT0_1081.jpeg,forestT1_1081.jpeg,1
forestT0_1082.jpeg,forestT1_1082.jpeg,1
forestT0_1083.jpeg,forestT1_1083.jpeg,1
forestT0_1084.jpeg,forestT1_1084.jpeg,1
forestT0_1085.jpeg,forestT1_1085.jpeg,1
forestT0_1086.jpeg,forestT1_1086.jpeg,1
forestT0_1087.jpeg,forestT1_1087.jpeg,1
forestT0_1088.jpeg,forestT1_1088.jpeg,1
forestT0_1089.jpeg,forestT1_1089.jpeg,1
forestT0_1090.jpeg,forestT1_1090.jpeg,1
forestT0_1091.jpeg,forestT1_1091.jpeg,1
forestT0_1092.jpeg,forestT1_1092.jpeg,1
forestT0_1093.jpeg,forestT1_1093.jpeg,1
forestT0_1094.jpeg,forestT1_1094.jpeg,1
forestT0_1095.jpeg,forestT1_1095.jpeg,1
forestT0_1096.jpeg,forestT1_1096.jpeg,1
forestT0_1097.jpeg,forestT1_1097.jpeg,1
forestT0_1098.jpeg,forestT1_1098.jpeg,1
forestT0_1099.jpeg,forestT1_1099.jpeg,1
forestT0_1100.jpeg,forestT1_1100.jpeg,1
forestT0_1101.jpeg,forestT1_1101.jpeg,1
forestT0_1102.jpeg,forestT1_1102.jpeg,1
forestT0_1103.jpeg,forestT1_1103.jpeg,1
forestT0_1104.jpeg,forestT1_1104.jpeg,1
forestT0_1105.jpeg,forestT1_1105.jpeg,1
forestT0_1106.jpeg,forestT1_1106.jpeg,1
forestT0_1107.jpeg,forestT1_1107.jpeg,1
forestT0_1108.jpeg,forestT1_1108.jpeg,1
forestT0_1109.jpeg,forestT1_1109.jpeg,1
forestT0_1110.jpeg,forestT1_1110.jpeg,1
forestT0_1111.jpeg,forestT1_1111.jpeg,1
forestT0_1112.jpeg,forestT1_1112.jpeg,1
forestT0_1113.jpeg,forestT1_1113.jpeg,1
forestT0_1114.jpeg,forestT1_1114.jpeg,1
forestT0_1115.jpeg,forestT1_1115.jpeg,1
forestT0_1116.jpeg,forestT1_1116.jpeg,1
forestT0_1117.jpeg,forestT1_1117.jpeg,1
forestT0_1118.jpeg,forestT1_1118.jpeg,1
forestT0_1119.jpeg,forestT1_1119.jpeg,1
forestT0_1120.jpeg,forestT1_1120.jpeg,1
forestT0_1121.jpeg,forestT1_1121.jpeg,1
forestT0_1122.jpeg,forestT1_1122.jpeg,1
forestT0_1123.jpeg,forestT1_1123.jpeg,1
forestT0_1124.jpeg,forestT1_1124.jpeg,1
forestT0_1125.jpeg,forestT1_1125.jpeg,1
forestT0_1126.jpeg,forestT1_1126.jpeg,1
forestT0_1127.jpeg,forestT1_1127.jpeg,1
forestT0_1128.jpeg,forestT1_1128.jpeg,1
forestT0_1129.jpeg,forestT1_1129.jpeg,1
forestT0_1130.jpeg,forestT1_1130.jpeg,1
forestT0_1131.jpeg,forestT1_1131.jpeg,1
forestT0_1132.jpeg,forestT1_1132.jpeg,1
forestT0_1133.jpeg,forestT1_1133.jpeg,1
forestT0_1134.jpeg,forestT1_1134.jpeg,1
forestT0_1135.jpeg,forestT1_1135.jpeg,1
forestT0_1136.jpeg,forestT1_1136.jpeg,1
forestT0_1137.jpeg,forestT1_1137.jpeg,1
forestT0_1138.jpeg,forestT1_1138.jpeg,1
forestT0_1139.jpeg,forestT1_1139.jpeg,1
forestT0_1140.jpeg,forestT1_1140.jpeg,1
forestT0_1141.jpeg,forestT1_1141.jpeg,1
forestT0_1142.jpeg,forestT1_1142.jpeg,1
forestT0_1143.jpeg,forestT1_1143.jpeg,1
forestT0_1144.jpeg,forestT1_1144.jpeg,1
forestT0_1145.jpeg,forestT1_1145.jpeg,1
forestT0_1146.jpeg,forestT1_1146.jpeg,1
forestT0_1147.jpeg,forestT1_1147.jpeg,1
forestT0_1148.jpeg,forestT1_1148.jpeg,1
forestT0_1149.jpeg,forestT1_1149.jpeg,1
forestT0_1150.jpeg,forestT1_1150.jpeg,1
forestT0_1151.jpeg,forestT1_1151.jpeg,1
forestT0_1152.jpeg,forestT1_1152.jpeg,1
forestT0_1153.jpeg,forestT1_1153.jpeg,1
forestT0_1154.jpeg,forestT1_1154.jpeg,1
forestT0_1155.jpeg,forestT1_1155.jpeg,1
forestT0_1156.jpeg,forestT1_1156.jpeg,1
forestT0_1157.jpeg,forestT1_1157.jpeg,1
forestT0_1158.jpeg,forestT1_1158.jpeg,1
forestT0_1159.jpeg,forestT1_1159.jpeg,1
forestT0_1160.jpeg,forestT1_1160.jpeg,1
forestT0_1161.jpeg,forestT1_1161.jpeg,1
forestT0_1162.jpeg,forestT1_1162.jpeg,1
forestT0_1163.jpeg,forestT1_1163.jpeg,1
forestT0_1164.jpeg,forestT1_1164.jpeg,1
forestT0_1165.jpeg,forestT1_1165.jpeg,1
forestT0_1166.jpeg,forestT1_1166.jpeg,1
forestT0_1167.jpeg,forestT1_1167.jpeg,1
forestT0_1168.jpeg,forestT1_1168.jpeg,1
forestT0_1169.jpeg,forestT1_1169.jpeg,1
forestT0_1170.jpeg,forestT1_1170.jpeg,1
forestT0_1171.jpeg,forestT1_1171.jpeg,1
forestT0_1172.jpeg,forestT1_1172.jpeg,1
forestT0_1173.jpeg,forestT1_1173.jpeg,1
forestT0_1174.jpeg,forestT1_1174.jpeg,1
forestT0_1175.jpeg,forestT1_1175.jpeg,1
forestT0_1176.jpeg,forestT1_1176.jpeg,1
forestT0_1177.jpeg,forestT1_1177.jpeg,1
forestT0_1178.jpeg,forestT1_1178.jpeg,1
forestT0_1179.jpeg,forestT1_1179.jpeg,1
forestT0_1180.jpeg,forestT1_1180.jpeg,1
forestT0_1181.jpeg,forestT1_1181.jpeg,1
forestT0_1182.jpeg,forestT1_1182.jpeg,1
forestT0_1183.jpeg,forestT1_1183.jpeg,1
forestT0_1184.jpeg,forestT1_1184.jpeg,1
forestT0_1185.jpeg,forestT1_1185.jpeg,1
forestT0_1186.jpeg,forestT1_1186.jpeg,1
forestT0_1187.jpeg,forestT1_1187.jpeg,1
forestT0_1188.jpeg,forestT1_1188.jpeg,1
forestT0_1189.jpeg,forestT1_1189.jpeg,1
forestT0_1190.jpeg,forestT1_1190.jpeg,1
forestT0_1191.jpeg,forestT1_1191.jpeg,1
forestT0_1192.jpeg,forestT1_1192.jpeg,1
forestT0_1193.jpeg,forestT1_1193.jpeg,1
forestT0_1194.jpeg,forestT1_1194.jpeg,1
forestT0_1195.jpeg,forestT1_1195.jpeg,1
forestT0_1196.jpeg,forestT1_1196.jpeg,1
forestT0_1197.jpeg,forestT1_1197.jpeg,1
forestT0_1198.jpeg,forestT1_1198.jpeg,1
forestT0_1199.jpeg,forestT1_1199.jpeg,1
forestT0_1200.jpeg,forestT1_1200.jpeg,1
forestT0_1201.jpeg,forestT1_1201.jpeg,1
forestT0_1202.jpeg,forestT1_1202.jpeg,1
forestT0_1203.jpeg,forestT1_1203.jpeg,1
forestT0_1204.jpeg,forestT1_1204.jpeg,1
forestT0_1205.jpeg,forestT1_1205.jpeg,1
forestT0_1206.jpeg,forestT1_1206.jpeg,1
forestT0_1207.jpeg,forestT1_1207.jpeg,1
forestT0_1208.jpeg,forestT1_1208.jpeg,1
forestT0_1209.jpeg,forestT1_1209.jpeg,1
forestT0_1210.jpeg,forestT1_1210.jpeg,1
forestT0_1211.jpeg,forestT1_1211.jpeg,1
forestT0_1212.jpeg,forestT1_1212.jpeg,1
forestT0_1213.jpeg,forestT1_1213.jpeg,1
forestT0_1214.jpeg,forestT1_1214.jpeg,1
forestT0_1215.jpeg,forestT1_1215.jpeg,1
forestT0_1216.jpeg,forestT1_1216.jpeg,1
forestT0_1217.jpeg,forestT1_1217.jpeg,1
forestT0_1218.jpeg,forestT1_1218.jpeg,1
forestT0_1219.jpeg,forestT1_1219.jpeg,1
forestT0_1220.jpeg,forestT1_1220.jpeg,1
forestT0_1221.jpeg,forestT1_1221.jpeg,1
forestT0_1222.jpeg,forestT1_1222.jpeg,1
forestT0_1223.jpeg,forestT1_1223.jpeg,1
forestT0_1224.jpeg,forestT1_1224.jpeg,1
forestT0_1225.jpeg,forestT1_1225.jpeg,1
forestT0_1226.jpeg,forestT1_1226.jpeg,1
forestT0_1227.jpeg,forestT1_1227.jpeg,1
forestT0_1228.jpeg,forestT1_1228.jpeg,1
forestT0_1229.jpeg,forestT1_1229.jpeg,1
forestT0_1230.jpeg,forestT1_1230.jpeg,1
forestT0_1231.jpeg,forestT1_1231.jpeg,1
forestT0_1232.jpeg,forestT1_1232.jpeg,1
forestT0_1233.jpeg,forestT1_1233.jpeg,1
forestT0_1234.jpeg,forestT1_1234.jpeg,1
forestT0_1235.jpeg,forestT1_1235.jpeg,1
forestT0_1236.jpeg,forestT1_1236.jpeg,1
forestT0_1237.jpeg,forestT1_1237.jpeg,1
forestT0_1238.jpeg,forestT1_1238.jpeg,1
forestT0_1239.jpeg,forestT1_1239.jpeg,1
forestT0_1240.jpeg,forestT1_1240.jpeg,1
forestT0_1241.jpeg,forestT1_1241.jpeg,1
forestT0_1242.jpeg,forestT1_1242.jpeg,1
forestT0_1243.jpeg,forestT1_1243.jpeg,1
forestT0_1244.jpeg,forestT1_1244.jpeg,1
forestT0_1245.jpeg,forestT1_1245.jpeg,1
forestT0_1246.jpeg,forestT1_1246.jpeg,1
forestT0_1247.jpeg,forestT1_1247.jpeg,1
forestT0_1248.jpeg,forestT1_1248.jpeg,1
forestT0_1249.jpeg,forestT1_1249.jpeg,1
forestT0_1250.jpeg,forestT1_1250.jpeg,1
forestT0_1251.jpeg,forestT1_1251.jpeg,1
forestT0_1252.jpeg,forestT1_1252.jpeg,1
forestT0_1253.jpeg,forestT1_1253.jpeg,1
forestT0_1254.jpeg,forestT1_1254.jpeg,1
forestT0_1255.jpeg,forestT1_1255.jpeg,1
forestT0_1256.jpeg,forestT1_1256.jpeg,1
forestT0_1257.jpeg,forestT1_1257.jpeg,1
forestT0_1258.jpeg,forestT1_1258.jpeg,1
forestT0_1259.jpeg,forestT1_1259.jpeg,1
forestT0_1260.jpeg,forestT1_1260.jpeg,1
forestT0_1261.jpeg,forestT1_1261.jpeg,1
forestT0_1262.jpeg,forestT1_1262.jpeg,1
forestT0_1263.jpeg,forestT1_1263.jpeg,1
forestT0_1264.jpeg,forestT1_1264.jpeg,1
forestT0_1265.jpeg,forestT1_1265.jpeg,1
forestT0_1266.jpeg,forestT1_1266.jpeg,1
forestT0_1267.jpeg,forestT1_1267.jpeg,1
forestT0_1268.jpeg,forestT1_1268.jpeg,1
forestT0_1269.jpeg,forestT1_1269.jpeg,1
forestT0_1270.jpeg,forestT1_1270.jpeg,1
forestT0_1271.jpeg,forestT1_1271.jpeg,1
forestT0_1272.jpeg,forestT1_1272.jpeg,1
forestT0_1273.jpeg,forestT1_1273.jpeg,1
forestT0_1274.jpeg,forestT1_1274.jpeg,1
forestT0_1275.jpeg,forestT1_1275.jpeg,1
forestT0_1276.jpeg,forestT1_1276.jpeg,1
forestT0_1277.jpeg,forestT1_1277.jpeg,1
forestT0_1278.jpeg,forestT1_1278.jpeg,1
forestT0_1279.jpeg,forestT1_1279.jpeg,1
forestT0_1280.jpeg,forestT1_1280.jpeg,1
forestT0_1281.jpeg,forestT1_1281.jpeg,1
forestT0_1282.jpeg,forestT1_1282.jpeg,1
forestT0_1283.jpeg,forestT1_1283.jpeg,1
forestT0_1284.jpeg,forestT1_1284.jpeg,1
forestT0_1285.jpeg,forestT1_1285.jpeg,1
forestT0_1286.jpeg,forestT1_1286.jpeg,1
forestT0_1287.jpeg,forestT1_1287.jpeg,1
forestT0_1288.jpeg,forestT1_1288.jpeg,1
forestT0_1289.jpeg,forestT1_1289.jpeg,1
forestT0_1290.jpeg,forestT1_1290.jpeg,1
forestT0_1291.jpeg,forestT1_1291.jpeg,1
forestT0_1292.jpeg,forestT1_1292.jpeg,1
forestT0_1293.jpeg,forestT1_1293.jpeg,1
forestT0_1294.jpeg,forestT1_1294.jpeg,1
forestT0_1295.jpeg,forestT1_1295.jpeg,1
forestT0_1296.jpeg,forestT1_1296.jpeg,1
forestT0_1297.jpeg,forestT1_1297.jpeg,1
forestT0_1298.jpeg,forestT1_1298.jpeg,1
forestT0_1299.jpeg,forestT1_1299.jpeg,1
forestT0_1300.jpeg,forestT1_1300.jpeg,1
forestT0_1301.jpeg,forestT1_1301.jpeg,1
forestT0_1302.jpeg,forestT1_1302.jpeg,1
forestT0_1303.jpeg,forestT1_1303.jpeg,1
forestT0_1304.jpeg,forestT1_1304.jpeg,1
forestT0_1305.jpeg,forestT1_1305.jpeg,1
forestT0_1306.jpeg,forestT1_1306.jpeg,1
forestT0_1307.jpeg,forestT1_1307.jpeg,1
forestT0_1308.jpeg,forestT1_1308.jpeg,1
forestT0_1309.jpeg,forestT1_1309.jpeg,1
forestT0_1310.jpeg,forestT1_1310.jpeg,1
forestT0_1311.jpeg,forestT1_1311.jpeg,1
forestT0_1312.jpeg,forestT1_1312.jpeg,1
forestT0_1313.jpeg,forestT1_1313.jpeg,1
forestT0_1314.jpeg,forestT1_1314.jpeg,1
forestT0_1315.jpeg,forestT1_1315.jpeg,1
forestT0_1316.jpeg,forestT1_1316.jpeg,1
forestT0_1317.jpeg,forestT1_1317.jpeg,1
forestT0_1318.jpeg,forestT1_1318.jpeg,1
forestT0_1319.jpeg,forestT1_1319.jpeg,1
forestT0_1320.jpeg,forestT1_1320.jpeg,1
forestT0_1321.jpeg,forestT1_1321.jpeg,1
forestT0_1322.jpeg,forestT1_1322.jpeg,1
forestT0_1323.jpeg,forestT1_1323.jpeg,1
forestT0_1324.jpeg,forestT1_1324.jpeg,1
forestT0_1325.jpeg,forestT1_1325.jpeg,1
forestT0_1326.jpeg,forestT1_1326.jpeg,1
forestT0_1327.jpeg,forestT1_1327.jpeg,1
forestT0_1328.jpeg,forestT1_1328.jpeg,1
forestT0_1329.jpeg,forestT1_1329.jpeg,1
forestT0_1330.jpeg,forestT1_1330.jpeg,1
forestT0_1331.jpeg,forestT1_1331.jpeg,1
forestT0_1332.jpeg,forestT1_1332.jpeg,1
forestT0_1333.jpeg,forestT1_1333.jpeg,1
forestT0_1334.jpeg,forestT1_1334.jpeg,1
forestT0_1335.jpeg,forestT1_1335.jpeg,1
forestT0_1336.jpeg,forestT1_1336.jpeg,1
forestT0_1337.jpeg,forestT1_1337.jpeg,1
forestT0_1338.jpeg,forestT1_1338.jpeg,1
forestT0_1339.jpeg,forestT1_1339.jpeg,1
forestT0_1340.jpeg,forestT1_1340.jpeg,1
forestT0_1341.jpeg,forestT1_1341.jpeg,1
forestT0_1342.jpeg,forestT1_1342.jpeg,1
forestT0_1343.jpeg,forestT1_1343.jpeg,1
forestT0_1344.jpeg,forestT1_1344.jpeg,1
forestT0_1345.jpeg,forestT1_1345.jpeg,1
forestT0_1346.jpeg,forestT1_1346.jpeg,1
forestT0_1347.jpeg,forestT1_1347.jpeg,1
forestT0_1348.jpeg,forestT1_1348.jpeg,1
forestT0_1349.jpeg,forestT1_1349.jpeg,1
forestT0_1350.jpeg,forestT1_1350.jpeg,1
forestT0_1351.jpeg,forestT1_1351.jpeg,1
forestT0_1352.jpeg,forestT1_1352.jpeg,1
forestT0_1353.jpeg,forestT1_1353.jpeg,1
forestT0_1354.jpeg,forestT1_1354.jpeg,1
forestT0_1355.jpeg,forestT1_1355.jpeg,1
forestT0_1356.jpeg,forestT1_1356.jpeg,1
forestT0_1357.jpeg,forestT1_1357.jpeg,1
forestT0_1358.jpeg,forestT1_1358.jpeg,1
forestT0_1359.jpeg,forestT1_1359.jpeg,1
forestT0_1360.jpeg,forestT1_1360.jpeg,1
forestT0_1361.jpeg,forestT1_1361.jpeg,1
forestT0_1362.jpeg,forestT1_1362.jpeg,1
forestT0_1363.jpeg,forestT1_1363.jpeg,1
forestT0_1364.jpeg,forestT1_1364.jpeg,1
forestT0_1365.jpeg,forestT1_1365.jpeg,1
forestT0_1366.jpeg,forestT1_1366.jpeg,1
forestT0_1367.jpeg,forestT1_1367.jpeg,1
forestT0_1368.jpeg,forestT1_1368.jpeg,1
forestT0_1369.jpeg,forestT1_1369.jpeg,1
forestT0_1370.jpeg,forestT1_1370.jpeg,1
forestT0_1371.jpeg,forestT1_1371.jpeg,1
forestT0_1372.jpeg,forestT1_1372.jpeg,1
forestT0_1373.jpeg,forestT1_1373.jpeg,1
forestT0_1374.jpeg,forestT1_1374.jpeg,1
forestT0_1375.jpeg,forestT1_1375.jpeg,1
forestT0_1376.jpeg,forestT1_1376.jpeg,1
forestT0_1377.jpeg,forestT1_1377.jpeg,1
forestT0_1378.jpeg,forestT1_1378.jpeg,1
forestT0_1379.jpeg,forestT1_1379.jpeg,1
forestT0_1380.jpeg,forestT1_1380.jpeg,1
forestT0_1381.jpeg,forestT1_1381.jpeg,1
forestT0_1382.jpeg,forestT1_1382.jpeg,1
forestT0_1383.jpeg,forestT1_1383.jpeg,1
forestT0_1384.jpeg,forestT1_1384.jpeg,1
forestT0_1385.jpeg,forestT1_1385.jpeg,1
forestT0_1386.jpeg,forestT1_1386.jpeg,1
forestT0_1387.jpeg,forestT1_1387.jpeg,1
forestT0_1388.jpeg,forestT1_1388.jpeg,1
forestT0_1389.jpeg,forestT1_1389.jpeg,1
forestT0_1390.jpeg,forestT1_1390.jpeg,1
forestT0_1391.jpeg,forestT1_1391.jpeg,1
forestT0_1392.jpeg,forestT1_1392.jpeg,1
forestT0_1393.jpeg,forestT1_1393.jpeg,1
forestT0_1394.jpeg,forestT1_1394.jpeg,1
forestT0_1395.jpeg,forestT1_1395.jpeg,1
forestT0_1396.jpeg,forestT1_1396.jpeg,1
forestT0_1397.jpeg,forestT1_1397.jpeg,1
forestT0_1398.jpeg,forestT1_1398.jpeg,1
forestT0_1399.jpeg,forestT1_1399.jpeg,1
forestT0_1400.jpeg,forestT1_1400.jpeg,1
forestT0_1401.jpeg,forestT1_1401.jpeg,1
forestT0_1402.jpeg,forestT1_1402.jpeg,1
forestT0_1403.jpeg,forestT1_1403.jpeg,1
forestT0_1404.jpeg,forestT1_1404.jpeg,1
forestT0_1405.jpeg,forestT1_1405.jpeg,1
forestT0_1406.jpeg,forestT1_1406.jpeg,1
forestT0_1407.jpeg,forestT1_1407.jpeg,1
forestT0_1408.jpeg,forestT1_1408.jpeg,1
forestT0_1409.jpeg,forestT1_1409.jpeg,1
forestT0_1410.jpeg,forestT1_1410.jpeg,1
forestT0_1411.jpeg,forestT1_1411.jpeg,1
forestT0_1412.jpeg,forestT1_1412.jpeg,1
forestT0_1413.jpeg,forestT1_1413.jpeg,1
forestT0_1414.jpeg,forestT1_1414.jpeg,1
forestT0_1415.jpeg,forestT1_1415.jpeg,1
forestT0_1416.jpeg,forestT1_1416.jpeg,1
forestT0_1417.jpeg,forestT1_1417.jpeg,1
forestT0_1418.jpeg,forestT1_1418.jpeg,1
forestT0_1419.jpeg,forestT1_1419.jpeg,1
forestT0_1420.jpeg,forestT1_1420.jpeg,1
forestT0_1421.jpeg,forestT1_1421.jpeg,1
forestT0_1422.jpeg,forestT1_1422.jpeg,1
forestT0_1423.jpeg,forestT1_1423.jpeg,1
forestT0_1424.jpeg,forestT1_1424.jpeg,1
forestT0_1425.jpeg,forestT1_1425.jpeg,1
forestT0_1426.jpeg,forestT1_1426.jpeg,1
forestT0_1427.jpeg,forestT1_1427.jpeg,1
forestT0_1428.jpeg,forestT1_1428.jpeg,1
forestT0_1429.jpeg,forestT1_1429.jpeg,1
forestT0_1430.jpeg,forestT1_1430.jpeg,1
forestT0_1431.jpeg,forestT1_1431.jpeg,1
forestT0_1432.jpeg,forestT1_1432.jpeg,1
forestT0_1433.jpeg,forestT1_1433.jpeg,1
forestT0_1434.jpeg,forestT1_1434.jpeg,1
forestT0_1435.jpeg,forestT1_1435.jpeg,1
forestT0_1436.jpeg,forestT1_1436.jpeg,1
forestT0_1437.jpeg,forestT1_1437.jpeg,1
forestT0_1438.jpeg,forestT1_1438.jpeg,1
forestT0_1439.jpeg,forestT1_1439.jpeg,1
forestT0_1440.jpeg,forestT1_1440.jpeg,1
forestT0_1441.jpeg,forestT1_1441.jpeg,1
forestT0_1442.jpeg,forestT1_1442.jpeg,1
forestT0_1443.jpeg,forestT1_1443.jpeg,1
forestT0_1444.jpeg,forestT1_1444.jpeg,1
forestT0_1445.jpeg,forestT1_1445.jpeg,1
forestT0_1446.jpeg,forestT1_1446.jpeg,1
forestT0_1447.jpeg,forestT1_1447.jpeg,1
forestT0_1448.jpeg,forestT1_1448.jpeg,1
forestT0_1449.jpeg,forestT1_1449.jpeg,1
forestT0_1450.jpeg,forestT1_1450.jpeg,1
forestT0_1451.jpeg,forestT1_1451.jpeg,1
forestT0_1452.jpeg,forestT1_1452.jpeg,1
forestT0_1453.jpeg,forestT1_1453.jpeg,1
forestT0_1454.jpeg,forestT1_1454.jpeg,1
forestT0_1455.jpeg,forestT1_1455.jpeg,1
forestT0_1456.jpeg,forestT1_1456.jpeg,1
forestT0_1457.jpeg,forestT1_1457.jpeg,1
forestT0_1458.jpeg,forestT1_1458.jpeg,1
forestT0_1459.jpeg,forestT1_1459.jpeg,1
forestT0_1460.jpeg,forestT1_1460.jpeg,1
forestT0_1461.jpeg,forestT1_1461.jpeg,1
forestT0_1462.jpeg,forestT1_1462.jpeg,1
forestT0_1463.jpeg,forestT1_1463.jpeg,1
forestT0_1464.jpeg,forestT1_1464.jpeg,1
forestT0_1465.jpeg,forestT1_1465.jpeg,1
forestT0_1466.jpeg,forestT1_1466.jpeg,1
forestT0_1467.jpeg,forestT1_1467.jpeg,1
forestT0_1468.jpeg,forestT1_1468.jpeg,1
forestT0_1469.jpeg,forestT1_1469.jpeg,1
forestT0_1470.jpeg,forestT1_1470.jpeg,1
forestT0_1471.jpeg,forestT1_1471.jpeg,1
forestT0_1472.jpeg,forestT1_1472.jpeg,1
forestT0_1473.jpeg,forestT1_1473.jpeg,1
forestT0_1474.jpeg,forestT1_1474.jpeg,1
forestT0_1475.jpeg,forestT1_1475.jpeg,1
forestT0_1476.jpeg,forestT1_1476.jpeg,1
forestT0_1477.jpeg,forestT1_1477.jpeg,1
forestT0_1478.jpeg,forestT1_1478.jpeg,1
forestT0_1479.jpeg,forestT1_1479.jpeg,1
forestT0_1480.jpeg,forestT1_1480.jpeg,1
forestT0_1481.jpeg,forestT1_1481.jpeg,1
forestT0_1482.jpeg,forestT1_1482.jpeg,1
forestT0_1483.jpeg,forestT1_1483.jpeg,1
forestT0_1484.jpeg,forestT1_1484.jpeg,1
forestT0_1485.jpeg,forestT1_1485.jpeg,1
forestT0_1486.jpeg,forestT1_1486.jpeg,1
forestT0_1487.jpeg,forestT1_1487.jpeg,1
forestT0_1488.jpeg,forestT1_1488.jpeg,1
forestT0_1489.jpeg,forestT1_1489.jpeg,1
forestT0_1490.jpeg,forestT1_1490.jpeg,1
forestT0_1491.jpeg,forestT1_1491.jpeg,1
forestT0_1492.jpeg,forestT1_1492.jpeg,1
forestT0_1493.jpeg,forestT1_1493.jpeg,1
forestT0_1494.jpeg,forestT1_1494.jpeg,1
forestT0_1495.jpeg,forestT1_1495.jpeg,1
forestT0_1496.jpeg,forestT1_1496.jpeg,1
forestT0_1497.jpeg,forestT1_1497.jpeg,1
forestT0_1498.jpeg,forestT1_1498.jpeg,1
forestT0_1499.jpeg,forestT1_1499.jpeg,1
forestT0_1500.jpeg,forestT1_1500.jpeg,1
forestT0_1501.jpeg,forestT1_1501.jpeg,1
forestT0_1502.jpeg,forestT1_1502.jpeg,1
forestT0_1503.jpeg,forestT1_1503.jpeg,1
forestT0_1504.jpeg,forestT1_1504.jpeg,1
forestT0_1505.jpeg,forestT1_1505.jpeg,1
forestT0_1506.jpeg,forestT1_1506.jpeg,1
forestT0_1507.jpeg,forestT1_1507.jpeg,1
forestT0_1508.jpeg,forestT1_1508.jpeg,1
forestT0_1509.jpeg,forestT1_1509.jpeg,1
forestT0_1510.jpeg,forestT1_1510.jpeg,1
forestT0_1511.jpeg,forestT1_1511.jpeg,1
forestT0_1512.jpeg,forestT1_1512.jpeg,1
forestT0_1513.jpeg,forestT1_1513.jpeg,1
forestT0_1514.jpeg,forestT1_1514.jpeg,1
forestT0_1515.jpeg,forestT1_1515.jpeg,1
forestT0_1516.jpeg,forestT1_1516.jpeg,1
forestT0_1517.jpeg,forestT1_1517.jpeg,1
forestT0_1518.jpeg,forestT1_1518.jpeg,1
forestT0_1519.jpeg,forestT1_1519.jpeg,1
forestT0_1520.jpeg,forestT1_1520.jpeg,1
forestT0_1521.jpeg,forestT1_1521.jpeg,1
forestT0_1522.jpeg,forestT1_1522.jpeg,1
forestT0_1523.jpeg,forestT1_1523.jpeg,1
forestT0_1524.jpeg,forestT1_1524.jpeg,1
forestT0_1525.jpeg,forestT1_1525.jpeg,1
forestT0_1526.jpeg,forestT1_1526.jpeg,1
forestT0_1527.jpeg,forestT1_1527.jpeg,1
forestT0_1528.jpeg,forestT1_1528.jpeg,1
forestT0_1529.jpeg,forestT1_1529.jpeg,1
forestT0_1530.jpeg,forestT1_1530.jpeg,1
forestT0_1531.jpeg,forestT1_1531.jpeg,1
forestT0_1532.jpeg,forestT1_1532.jpeg,1
forestT0_1533.jpeg,forestT1_1533.jpeg,1
forestT0_1534.jpeg,forestT1_1534.jpeg,1
forestT0_1535.jpeg,forestT1_1535.jpeg,1
forestT0_1536.jpeg,forestT1_1536.jpeg,1
forestT0_1537.jpeg,forestT1_1537.jpeg,1
forestT0_1538.jpeg,forestT1_1538.jpeg,1
forestT0_1539.jpeg,forestT1_1539.jpeg,1
forestT0_1540.jpeg,forestT1_1540.jpeg,1
forestT0_1541.jpeg,forestT1_1541.jpeg,1
forestT0_1542.jpeg,forestT1_1542.jpeg,1
forestT0_1543.jpeg,forestT1_1543.jpeg,1
forestT0_1544.jpeg,forestT1_1544.jpeg,1
forestT0_1545.jpeg,forestT1_1545.jpeg,1
forestT0_1546.jpeg,forestT1_1546.jpeg,1
forestT0_1547.jpeg,forestT1_1547.jpeg,1
forestT0_1548.jpeg,forestT1_1548.jpeg,1
forestT0_1549.jpeg,forestT1_1549.jpeg,1
forestT0_1550.jpeg,forestT1_1550.jpeg,1
forestT0_1551.jpeg,forestT1_1551.jpeg,1
forestT0_1552.jpeg,forestT1_1552.jpeg,1
forestT0_1553.jpeg,forestT1_1553.jpeg,1
forestT0_1554.jpeg,forestT1_1554.jpeg,1
forestT0_1555.jpeg,forestT1_1555.jpeg,1
forestT0_1556.jpeg,forestT1_1556.jpeg,1
forestT0_1557.jpeg,forestT1_1557.jpeg,1
forestT0_1558.jpeg,forestT1_1558.jpeg,1
forestT0_1559.jpeg,forestT1_1559.jpeg,1
forestT0_1560.jpeg,forestT1_1560.jpeg,1
forestT0_1561.jpeg,forestT1_1561.jpeg,1
forestT0_1562.jpeg,forestT1_1562.jpeg,1
forestT0_1563.jpeg,forestT1_1563.jpeg,1
forestT0_1564.jpeg,forestT1_1564.jpeg,1
forestT0_1565.jpeg,forestT1_1565.jpeg,1
forestT0_1566.jpeg,forestT1_1566.jpeg,1
forestT0_1567.jpeg,forestT1_1567.jpeg,1
forestT0_1568.jpeg,forestT1_1568.jpeg,1
forestT0_1569.jpeg,forestT1_1569.jpeg,1
forestT0_1570.jpeg,forestT1_1570.jpeg,1
forestT0_1571.jpeg,forestT1_1571.jpeg,1
forestT0_1572.jpeg,forestT1_1572.jpeg,1
forestT0_1573.jpeg,forestT1_1573.jpeg,1
forestT0_1574.jpeg,forestT1_1574.jpeg,1
forestT0_1575.jpeg,forestT1_1575.jpeg,1
forestT0_1576.jpeg,forestT1_1576.jpeg,1
forestT0_1577.jpeg,forestT1_1577.jpeg,1
forestT0_1578.jpeg,forestT1_1578.jpeg,1
forestT0_1579.jpeg,forestT1_1579.jpeg,1
forestT0_1580.jpeg,forestT1_1580.jpeg,1
forestT0_1581.jpeg,forestT1_1581.jpeg,1
forestT0_1582.jpeg,forestT1_1582.jpeg,1
forestT0_1583.jpeg,forestT1_1583.jpeg,1
forestT0_1584.jpeg,forestT1_1584.jpeg,1
forestT0_1585.jpeg,forestT1_1585.jpeg,1
forestT0_1586.jpeg,forestT1_1586.jpeg,1
forestT0_1587.jpeg,forestT1_1587.jpeg,1
forestT0_1588.jpeg,forestT1_1588.jpeg,1
forestT0_1589.jpeg,forestT1_1589.jpeg,1
forestT0_1590.jpeg,forestT1_1590.jpeg,1
forestT0_1591.jpeg,forestT1_1591.jpeg,1
forestT0_1592.jpeg,forestT1_1592.jpeg,1
forestT0_1593.jpeg,forestT1_1593.jpeg,1
forestT0_1594.jpeg,forestT1_1594.jpeg,1
forestT0_1595.jpeg,forestT1_1595.jpeg,1
forestT0_1596.jpeg,forestT1_1596.jpeg,1
forestT0_1597.jpeg,forestT1_1597.jpeg,1
forestT0_1598.jpeg,forestT1_1598.jpeg,1
forestT0_1599.jpeg,forestT1_1599.jpeg,1
forestT0_1600.jpeg,forestT1_1600.jpeg,1
forestT0_1601.jpeg,forestT1_1601.jpeg,1
forestT0_1602.jpeg,forestT1_1602.jpeg,1
forestT0_1603.jpeg,forestT1_1603.jpeg,1
forestT0_1604.jpeg,forestT1_1604.jpeg,1
forestT0_1605.jpeg,forestT1_1605.jpeg,1
forestT0_1606.jpeg,forestT1_1606.jpeg,1
forestT0_1607.jpeg,forestT1_1607.jpeg,1
forestT0_1608.jpeg,forestT1_1608.jpeg,1
forestT0_1609.jpeg,forestT1_1609.jpeg,1
forestT0_1610.jpeg,forestT1_1610.jpeg,1
forestT0_1611.jpeg,forestT1_1611.jpeg,1
forestT0_1612.jpeg,forestT1_1612.jpeg,1
forestT0_1613.jpeg,forestT1_1613.jpeg,1
forestT0_1614.jpeg,forestT1_1614.jpeg,1
forestT0_1615.jpeg,forestT1_1615.jpeg,1
forestT0_1616.jpeg,forestT1_1616.jpeg,1
forestT0_1617.jpeg,forestT1_1617.jpeg,1
forestT0_1618.jpeg,forestT1_1618.jpeg,1
forestT0_1619.jpeg,forestT1_1619.jpeg,1
forestT0_1620.jpeg,forestT1_1620.jpeg,1
forestT0_1621.jpeg,forestT1_1621.jpeg,1
forestT0_1622.jpeg,forestT1_1622.jpeg,1
forestT0_1623.jpeg,forestT1_1623.jpeg,1
forestT0_1624.jpeg,forestT1_1624.jpeg,1
forestT0_1625.jpeg,forestT1_1625.jpeg,1
forestT0_1626.jpeg,forestT1_1626.jpeg,1
forestT0_1627.jpeg,forestT1_1627.jpeg,1
forestT0_1628.jpeg,forestT1_1628.jpeg,1
forestT0_1629.jpeg,forestT1_1629.jpeg,1
forestT0_1630.jpeg,forestT1_1630.jpeg,1
forestT0_1631.jpeg,forestT1_1631.jpeg,1
forestT0_1632.jpeg,forestT1_1632.jpeg,1
forestT0_1633.jpeg,forestT1_1633.jpeg,1
forestT0_1634.jpeg,forestT1_1634.jpeg,1
forestT0_1635.jpeg,forestT1_1635.jpeg,1
forestT0_1636.jpeg,forestT1_1636.jpeg,1
forestT0_1637.jpeg,forestT1_1637.jpeg,1
forestT0_1638.jpeg,forestT1_1638.jpeg,1
forestT0_1639.jpeg,forestT1_1639.jpeg,1
forestT0_1640.jpeg,forestT1_1640.jpeg,1
forestT0_1641.jpeg,forestT1_1641.jpeg,1
forestT0_1642.jpeg,forestT1_1642.jpeg,1
forestT0_1643.jpeg,forestT1_1643.jpeg,1
forestT0_1644.jpeg,forestT1_1644.jpeg,1
forestT0_1645.jpeg,forestT1_1645.jpeg,1
forestT0_1646.jpeg,forestT1_1646.jpeg,1
forestT0_1647.jpeg,forestT1_1647.jpeg,1
forestT0_1648.jpeg,forestT1_1648.jpeg,1
forestT0_1649.jpeg,forestT1_1649.jpeg,1
forestT0_1650.jpeg,forestT1_1650.jpeg,1
forestT0_1651.jpeg,forestT1_1651.jpeg,1
forestT0_1652.jpeg,forestT1_1652.jpeg,1
forestT0_1653.jpeg,forestT1_1653.jpeg,1
forestT0_1654.jpeg,forestT1_1654.jpeg,1
forestT0_1655.jpeg,forestT1_1655.jpeg,1
forestT0_1656.jpeg,forestT1_1656.jpeg,1
forestT0_1657.jpeg,forestT1_1657.jpeg,1
forestT0_1658.jpeg,forestT1_1658.jpeg,1
forestT0_1659.jpeg,forestT1_1659.jpeg,1
forestT0_1660.jpeg,forestT1_1660.jpeg,1
forestT0_1661.jpeg,forestT1_1661.jpeg,1
forestT0_1662.jpeg,forestT1_1662.jpeg,1
forestT0_1663.jpeg,forestT1_1663.jpeg,1
forestT0_1664.jpeg,forestT1_1664.jpeg,1
forestT0_1665.jpeg,forestT1_1665.jpeg,1
forestT0_1666.jpeg,forestT1_1666.jpeg,1
forestT0_1667.jpeg,forestT1_1667.jpeg,1
forestT0_1668.jpeg,forestT1_1668.jpeg,1
forestT0_1669.jpeg,forestT1_1669.jpeg,1
forestT0_1670.jpeg,forestT1_1670.jpeg,1
forestT0_1671.jpeg,forestT1_1671.jpeg,1
forestT0_1672.jpeg,forestT1_1672.jpeg,1
forestT0_1673.jpeg,forestT1_1673.jpeg,1
forestT0_1674.jpeg,forestT1_1674.jpeg,1
forestT0_1675.jpeg,forestT1_1675.jpeg,1
forestT0_1676.jpeg,forestT1_1676.jpeg,1
forestT0_1677.jpeg,forestT1_1677.jpeg,1
forestT0_1678.jpeg,forestT1_1678.jpeg,1
forestT0_1679.jpeg,forestT1_1679.jpeg,1
forestT0_1680.jpeg,forestT1_1680.jpeg,1
forestT0_1681.jpeg,forestT1_1681.jpeg,1
forestT0_1682.jpeg,forestT1_1682.jpeg,1
forestT0_1683.jpeg,forestT1_1683.jpeg,1
forestT0_1684.jpeg,forestT1_1684.jpeg,1
forestT0_1685.jpeg,forestT1_1685.jpeg,1
forestT0_1686.jpeg,forestT1_1686.jpeg,1
forestT0_1687.jpeg,forestT1_1687.jpeg,1
forestT0_1688.jpeg,forestT1_1688.jpeg,1
forestT0_1689.jpeg,forestT1_1689.jpeg,1
forestT0_1690.jpeg,forestT1_1690.jpeg,1
forestT0_1691.jpeg,forestT1_1691.jpeg,1
forestT0_1692.jpeg,forestT1_1692.jpeg,1
forestT0_1693.jpeg,forestT1_1693.jpeg,1
forestT0_1694.jpeg,forestT1_1694.jpeg,1
forestT0_1695.jpeg,forestT1_1695.jpeg,1
forestT0_1696.jpeg,forestT1_1696.jpeg,1
forestT0_1697.jpeg,forestT1_1697.jpeg,1
forestT0_1698.jpeg,forestT1_1698.jpeg,1
forestT0_1699.jpeg,forestT1_1699.jpeg,1
forestT0_1700.jpeg,forestT1_1700.jpeg,1
forestT0_1701.jpeg,forestT1_1701.jpeg,1
forestT0_1702.jpeg,forestT1_1702.jpeg,1
forestT0_1703.jpeg,forestT1_1703.jpeg,1
forestT0_1704.jpeg,forestT1_1704.jpeg,1
forestT0_1705.jpeg,forestT1_1705.jpeg,1
forestT0_1706.jpeg,forestT1_1706.jpeg,1
forestT0_1707.jpeg,forestT1_1707.jpeg,1
forestT0_1708.jpeg,forestT1_1708.jpeg,1
forestT0_1709.jpeg,forestT1_1709.jpeg,1
forestT0_1710.jpeg,forestT1_1710.jpeg,1
forestT0_1711.jpeg,forestT1_1711.jpeg,1
forestT0_1712.jpeg,forestT1_1712.jpeg,1
forestT0_1713.jpeg,forestT1_1713.jpeg,1
forestT0_1714.jpeg,forestT1_1714.jpeg,1
forestT0_1715.jpeg,forestT1_1715.jpeg,1
forestT0_1716.jpeg,forestT1_1716.jpeg,1
forestT0_1717.jpeg,forestT1_1717.jpeg,1
forestT0_1718.jpeg,forestT1_1718.jpeg,1
forestT0_1719.jpeg,forestT1_1719.jpeg,1
forestT0_1720.jpeg,forestT1_1720.jpeg,1
forestT0_1721.jpeg,forestT1_1721.jpeg,1
forestT0_1722.jpeg,forestT1_1722.jpeg,1
forestT0_1723.jpeg,forestT1_1723.jpeg,1
forestT0_1724.jpeg,forestT1_1724.jpeg,1
forestT0_1725.jpeg,forestT1_1725.jpeg,1
forestT0_1726.jpeg,forestT1_1726.jpeg,1
forestT0_1727.jpeg,forestT1_1727.jpeg,1
forestT0_1728.jpeg,forestT1_1728.jpeg,1
forestT0_1729.jpeg,forestT1_1729.jpeg,1
forestT0_1730.jpeg,forestT1_1730.jpeg,1
forestT0_1731.jpeg,forestT1_1731.jpeg,1
forestT0_1732.jpeg,forestT1_1732.jpeg,1
forestT0_1733.jpeg,forestT1_1733.jpeg,1
forestT0_1734.jpeg,forestT1_1734.jpeg,1
forestT0_1735.jpeg,forestT1_1735.jpeg,1
forestT0_1736.jpeg,forestT1_1736.jpeg,1
forestT0_1737.jpeg,forestT1_1737.jpeg,1
forestT0_1738.jpeg,forestT1_1738.jpeg,1
forestT0_1739.jpeg,forestT1_1739.jpeg,1
forestT0_1740.jpeg,forestT1_1740.jpeg,1
forestT0_1741.jpeg,forestT1_1741.jpeg,1
forestT0_1742.jpeg,forestT1_1742.jpeg,1
forestT0_1743.jpeg,forestT1_1743.jpeg,1
forestT0_1744.jpeg,forestT1_1744.jpeg,1
forestT0_1745.jpeg,forestT1_1745.jpeg,1
forestT0_1746.jpeg,forestT1_1746.jpeg,1
forestT0_1747.jpeg,forestT1_1747.jpeg,1
forestT0_1748.jpeg,forestT1_1748.jpeg,1
forestT0_1749.jpeg,forestT1_1749.jpeg,1
forestT0_1750.jpeg,forestT1_1750.jpeg,1
forestT0_1751.jpeg,forestT1_1751.jpeg,1
forestT0_1752.jpeg,forestT1_1752.jpeg,1
forestT0_1753.jpeg,forestT1_1753.jpeg,1
forestT0_1754.jpeg,forestT1_1754.jpeg,1
forestT0_1755.jpeg,forestT1_1755.jpeg,1
forestT0_1756.jpeg,forestT1_1756.jpeg,1
forestT0_1757.jpeg,forestT1_1757.jpeg,1
forestT0_1758.jpeg,forestT1_1758.jpeg,1
forestT0_1759.jpeg,forestT1_1759.jpeg,1
forestT0_1760.jpeg,forestT1_1760.jpeg,1
forestT0_1761.jpeg,forestT1_1761.jpeg,1
forestT0_1762.jpeg,forestT1_1762.jpeg,1
forestT0_1763.jpeg,forestT1_1763.jpeg,1
forestT0_1764.jpeg,forestT1_1764.jpeg,1
forestT0_1765.jpeg,forestT1_1765.jpeg,1
forestT0_1766.jpeg,forestT1_1766.jpeg,1
forestT0_1767.jpeg,forestT1_1767.jpeg,1
forestT0_1768.jpeg,forestT1_1768.jpeg,1
forestT0_1769.jpeg,forestT1_1769.jpeg,1
forestT0_1770.jpeg,forestT1_1770.jpeg,1
forestT0_1771.jpeg,forestT1_1771.jpeg,1
forestT0_1772.jpeg,forestT1_1772.jpeg,1
forestT0_1773.jpeg,forestT1_1773.jpeg,1
forestT0_1774.jpeg,forestT1_1774.jpeg,1
forestT0_1775.jpeg,forestT1_1775.jpeg,1
forestT0_1776.jpeg,forestT1_1776.jpeg,1
forestT0_1777.jpeg,forestT1_1777.jpeg,1
forestT0_1778.jpeg,forestT1_1778.jpeg,1
forestT0_1779.jpeg,forestT1_1779.jpeg,1
forestT0_1780.jpeg,forestT1_1780.jpeg,1
forestT0_1781.jpeg,forestT1_1781.jpeg,1
forestT0_1782.jpeg,forestT1_1782.jpeg,1
forestT0_1783.jpeg,forestT1_1783.jpeg,1
forestT0_1784.jpeg,forestT1_1784.jpeg,1
forestT0_1785.jpeg,forestT1_1785.jpeg,1
forestT0_1786.jpeg,forestT1_1786.jpeg,1
forestT0_1787.jpeg,forestT1_1787.jpeg,1
forestT0_1788.jpeg,forestT1_1788.jpeg,1
forestT0_1789.jpeg,forestT1_1789.jpeg,1
forestT0_1790.jpeg,forestT1_1790.jpeg,1
forestT0_1791.jpeg,forestT1_1791.jpeg,1
forestT0_1792.jpeg,forestT1_1792.jpeg,1
forestT0_1793.jpeg,forestT1_1793.jpeg,1
forestT0_1794.jpeg,forestT1_1794.jpeg,1
forestT0_1795.jpeg,forestT1_1795.jpeg,1
forestT0_1796.jpeg,forestT1_1796.jpeg,1
forestT0_1797.jpeg,forestT1_1797.jpeg,1
forestT0_1798.jpeg,forestT1_1798.jpeg,1
forestT0_1799.jpeg,forestT1_1799.jpeg,1
forestT0_1800.jpeg,forestT1_1800.jpeg,1
forestT0_1801.jpeg,forestT1_1801.jpeg,1
forestT0_1802.jpeg,forestT1_1802.jpeg,1
forestT0_1803.jpeg,forestT1_1803.jpeg,1
forestT0_1804.jpeg,forestT1_1804.jpeg,1
forestT0_1805.jpeg,forestT1_1805.jpeg,1
forestT0_1806.jpeg,forestT1_1806.jpeg,1
forestT0_1807.jpeg,forestT1_1807.jpeg,1
forestT0_1808.jpeg,forestT1_1808.jpeg,1
forestT0_1809.jpeg,forestT1_1809.jpeg,1
forestT0_1810.jpeg,forestT1_1810.jpeg,1
forestT0_1811.jpeg,forestT1_1811.jpeg,1
forestT0_1812.jpeg,forestT1_1812.jpeg,1
forestT0_1813.jpeg,forestT1_1813.jpeg,1
forestT0_1814.jpeg,forestT1_1814.jpeg,1
forestT0_1815.jpeg,forestT1_1815.jpeg,1
forestT0_1816.jpeg,forestT1_1816.jpeg,1
forestT0_1817.jpeg,forestT1_1817.jpeg,1
forestT0_1818.jpeg,forestT1_1818.jpeg,1
forestT0_1819.jpeg,forestT1_1819.jpeg,1
forestT0_1820.jpeg,forestT1_1820.jpeg,1
forestT0_1821.jpeg,forestT1_1821.jpeg,1
forestT0_1822.jpeg,forestT1_1822.jpeg,1
forestT0_1823.jpeg,forestT1_1823.jpeg,1
forestT0_1824.jpeg,forestT1_1824.jpeg,1
forestT0_1825.jpeg,forestT1_1825.jpeg,1
forestT0_1826.jpeg,forestT1_1826.jpeg,1
forestT0_1827.jpeg,forestT1_1827.jpeg,1
forestT0_1828.jpeg,forestT1_1828.jpeg,1
forestT0_1829.jpeg,forestT1_1829.jpeg,1
forestT0_1830.jpeg,forestT1_1830.jpeg,1
forestT0_1831.jpeg,forestT1_1831.jpeg,1
forestT0_1832.jpeg,forestT1_1832.jpeg,1
forestT0_1833.jpeg,forestT1_1833.jpeg,1
forestT0_1834.jpeg,forestT1_1834.jpeg,1
forestT0_1835.jpeg,forestT1_1835.jpeg,1
forestT0_1836.jpeg,forestT1_1836.jpeg,1
forestT0_1837.jpeg,forestT1_1837.jpeg,1
forestT0_1838.jpeg,forestT1_1838.jpeg,1
forestT0_1839.jpeg,forestT1_1839.jpeg,1
forestT0_1840.jpeg,forestT1_1840.jpeg,1
forestT0_1841.jpeg,forestT1_1841.jpeg,1
forestT0_1842.jpeg,forestT1_1842.jpeg,1
forestT0_1843.jpeg,forestT1_1843.jpeg,1
forestT0_1844.jpeg,forestT1_1844.jpeg,1
forestT0_1845.jpeg,forestT1_1845.jpeg,1
forestT0_1846.jpeg,forestT1_1846.jpeg,1
forestT0_1847.jpeg,forestT1_1847.jpeg,1
forestT0_1848.jpeg,forestT1_1848.jpeg,1
forestT0_1849.jpeg,forestT1_1849.jpeg,1
forestT0_1850.jpeg,forestT1_1850.jpeg,1
forestT0_1851.jpeg,forestT1_1851.jpeg,1
forestT0_1852.jpeg,forestT1_1852.jpeg,1
forestT0_1853.jpeg,forestT1_1853.jpeg,1
forestT0_1854.jpeg,forestT1_1854.jpeg,1
forestT0_1855.jpeg,forestT1_1855.jpeg,1
forestT0_1856.jpeg,forestT1_1856.jpeg,1
forestT0_1857.jpeg,forestT1_1857.jpeg,1
forestT0_1858.jpeg,forestT1_1858.jpeg,1
forestT0_1859.jpeg,forestT1_1859.jpeg,1
forestT0_1860.jpeg,forestT1_1860.jpeg,1
forestT0_1861.jpeg,forestT1_1861.jpeg,1
forestT0_1862.jpeg,forestT1_1862.jpeg,1
forestT0_1863.jpeg,forestT1_1863.jpeg,1
forestT0_1864.jpeg,forestT1_1864.jpeg,1
forestT0_1865.jpeg,forestT1_1865.jpeg,1
forestT0_1866.jpeg,forestT1_1866.jpeg,1
forestT0_1867.jpeg,forestT1_1867.jpeg,1
forestT0_1868.jpeg,forestT1_1868.jpeg,1
forestT0_1869.jpeg,forestT1_1869.jpeg,1
forestT0_1870.jpeg,forestT1_1870.jpeg,1
forestT0_1871.jpeg,forestT1_1871.jpeg,1
forestT0_1872.jpeg,forestT1_1872.jpeg,1
forestT0_1873.jpeg,forestT1_1873.jpeg,1
forestT0_1874.jpeg,forestT1_1874.jpeg,1
forestT0_1875.jpeg,forestT1_1875.jpeg,1
forestT0_1876.jpeg,forestT1_1876.jpeg,1
forestT0_1877.jpeg,forestT1_1877.jpeg,1
forestT0_1878.jpeg,forestT1_1878.jpeg,1
forestT0_1879.jpeg,forestT1_1879.jpeg,1
forestT0_1880.jpeg,forestT1_1880.jpeg,1
forestT0_1881.jpeg,forestT1_1881.jpeg,1
forestT0_1882.jpeg,forestT1_1882.jpeg,1
forestT0_1883.jpeg,forestT1_1883.jpeg,1
forestT0_1884.jpeg,forestT1_1884.jpeg,1
forestT0_1885.jpeg,forestT1_1885.jpeg,1
forestT0_1886.jpeg,forestT1_1886.jpeg,1
forestT0_1887.jpeg,forestT1_1887.jpeg,1
forestT0_1888.jpeg,forestT1_1888.jpeg,1
forestT0_1889.jpeg,forestT1_1889.jpeg,1
forestT0_1890.jpeg,forestT1_1890.jpeg,1
forestT0_1891.jpeg,forestT1_1891.jpeg,1
forestT0_1892.jpeg,forestT1_1892.jpeg,1
forestT0_1893.jpeg,forestT1_1893.jpeg,1
forestT0_1894.jpeg,forestT1_1894.jpeg,1
forestT0_1895.jpeg,forestT1_1895.jpeg,1
forestT0_1896.jpeg,forestT1_1896.jpeg,1
forestT0_1897.jpeg,forestT1_1897.jpeg,1
forestT0_1898.jpeg,forestT1_1898.jpeg,1
forestT0_1899.jpeg,forestT1_1899.jpeg,1
forestT0_1900.jpeg,forestT1_1900.jpeg,1
forestT0_1901.jpeg,forestT1_1901.jpeg,1
forestT0_1902.jpeg,forestT1_1902.jpeg,1
forestT0_1903.jpeg,forestT1_1903.jpeg,1
forestT0_1904.jpeg,forestT1_1904.jpeg,1
forestT0_1905.jpeg,forestT1_1905.jpeg,1
forestT0_1906.jpeg,forestT1_1906.jpeg,1
forestT0_1907.jpeg,forestT1_1907.jpeg,1
forestT0_1908.jpeg,forestT1_1908.jpeg,1
forestT0_1909.jpeg,forestT1_1909.jpeg,1
forestT0_1910.jpeg,forestT1_1910.jpeg,1
forestT0_1911.jpeg,forestT1_1911.jpeg,1
forestT0_1912.jpeg,forestT1_1912.jpeg,1
forestT0_1913.jpeg,forestT1_1913.jpeg,1
forestT0_1914.jpeg,forestT1_1914.jpeg,1
forestT0_1915.jpeg,forestT1_1915.jpeg,1
forestT0_1916.jpeg,forestT1_1916.jpeg,1
forestT0_1917.jpeg,forestT1_1917.jpeg,1
forestT0_1918.jpeg,forestT1_1918.jpeg,1
forestT0_1919.jpeg,forestT1_1919.jpeg,1
forestT0_1920.jpeg,forestT1_1920.jpeg,1
forestT0_1921.jpeg,forestT1_1921.jpeg,1
forestT0_1922.jpeg,forestT1_1922.jpeg,1
forestT0_1923.jpeg,forestT1_1923.jpeg,1
forestT0_1924.jpeg,forestT1_1924.jpeg,1
forestT0_1925.jpeg,forestT1_1925.jpeg,1
forestT0_1926.jpeg,forestT1_1926.jpeg,1
forestT0_1927.jpeg,forestT1_1927.jpeg,1
forestT0_1928.jpeg,forestT1_1928.jpeg,1
forestT0_1929.jpeg,forestT1_1929.jpeg,1
forestT0_1930.jpeg,forestT1_1930.jpeg,1
forestT0_1931.jpeg,forestT1_1931.jpeg,1
forestT0_1932.jpeg,forestT1_1932.jpeg,1
forestT0_1933.jpeg,forestT1_1933.jpeg,1
forestT0_1934.jpeg,forestT1_1934.jpeg,1
forestT0_1935.jpeg,forestT1_1935.jpeg,1
forestT0_1936.jpeg,forestT1_1936.jpeg,1
forestT0_1937.jpeg,forestT1_1937.jpeg,1
forestT0_1938.jpeg,forestT1_1938.jpeg,1
forestT0_1939.jpeg,forestT1_1939.jpeg,1
forestT0_1940.jpeg,forestT1_1940.jpeg,1
forestT0_1941.jpeg,forestT1_1941.jpeg,1
forestT0_1942.jpeg,forestT1_1942.jpeg,1
forestT0_1943.jpeg,forestT1_1943.jpeg,1
forestT0_1944.jpeg,forestT1_1944.jpeg,1
forestT0_1945.jpeg,forestT1_1945.jpeg,1
forestT0_1946.jpeg,forestT1_1946.jpeg,1
forestT0_1947.jpeg,forestT1_1947.jpeg,1
forestT0_1948.jpeg,forestT1_1948.jpeg,1
forestT0_1949.jpeg,forestT1_1949.jpeg,1
forestT0_1950.jpeg,forestT1_1950.jpeg,1
forestT0_1951.jpeg,forestT1_1951.jpeg,1
forestT0_1952.jpeg,forestT1_1952.jpeg,1
forestT0_1953.jpeg,forestT1_1953.jpeg,1
forestT0_1954.jpeg,forestT1_1954.jpeg,1
forestT0_1955.jpeg,forestT1_1955.jpeg,1
forestT0_1956.jpeg,forestT1_1956.jpeg,1
forestT0_1957.jpeg,forestT1_1957.jpeg,1
forestT0_1958.jpeg,forestT1_1958.jpeg,1
forestT0_1959.jpeg,forestT1_1959.jpeg,1
forestT0_1960.jpeg,forestT1_1960.jpeg,1
forestT0_1961.jpeg,forestT1_1961.jpeg,1
forestT0_1962.jpeg,forestT1_1962.jpeg,1
forestT0_1963.jpeg,forestT1_1963.jpeg,1
forestT0_1964.jpeg,forestT1_1964.jpeg,1
forestT0_1965.jpeg,forestT1_1965.jpeg,1
forestT0_1966.jpeg,forestT1_1966.jpeg,1
forestT0_1967.jpeg,forestT1_1967.jpeg,1
forestT0_1968.jpeg,forestT1_1968.jpeg,1
forestT0_1969.jpeg,forestT1_1969.jpeg,1
forestT0_1970.jpeg,forestT1_1970.jpeg,1
forestT0_1971.jpeg,forestT1_1971.jpeg,1
forestT0_1972.jpeg,forestT1_1972.jpeg,1
forestT0_1973.jpeg,forestT1_1973.jpeg,1
forestT0_1974.jpeg,forestT1_1974.jpeg,1
forestT0_1975.jpeg,forestT1_1975.jpeg,1
forestT0_1976.jpeg,forestT1_1976.jpeg,1
forestT0_1977.jpeg,forestT1_1977.jpeg,1
forestT0_1978.jpeg,forestT1_1978.jpeg,1
forestT0_1979.jpeg,forestT1_1979.jpeg,1
forestT0_1980.jpeg,forestT1_1980.jpeg,1
forestT0_1981.jpeg,forestT1_1981.jpeg,1
forestT0_1982.jpeg,forestT1_1982.jpeg,1
forestT0_1983.jpeg,forestT1_1983.jpeg,1
forestT0_1984.jpeg,forestT1_1984.jpeg,1
forestT0_1985.jpeg,forestT1_1985.jpeg,1
forestT0_1986.jpeg,forestT1_1986.jpeg,1
forestT0_1987.jpeg,forestT1_1987.jpeg,1
forestT0_1988.jpeg,forestT1_1988.jpeg,1
forestT0_1989.jpeg,forestT1_1989.jpeg,1
forestT0_1990.jpeg,forestT1_1990.jpeg,1
forestT0_1991.jpeg,forestT1_1991.jpeg,1
forestT0_1992.jpeg,forestT1_1992.jpeg,1
forestT0_1993.jpeg,forestT1_1993.jpeg,1
forestT0_1994.jpeg,forestT1_1994.jpeg,1
forestT0_1995.jpeg,forestT1_1995.jpeg,1
forestT0_1996.jpeg,forestT1_1996.jpeg,1
forestT0_1997.jpeg,forestT1_1997.jpeg,1
forestT0_1998.jpeg,forestT1_1998.jpeg,1
forestT0_1999.jpeg,forestT1_1999.jpeg,1
